ws-2,ws-1,ws,ws+1,wd-2,wd-1,wd,wd+1,hour_from_06,week,month,production
2.47,2.4,2.51,2.73,108.68,114.31,118.71,120.86,3,27,7,0.06
2.4,2.51,2.73,2.93,114.31,118.71,120.86,120.13,2,27,7,0.045
2.51,2.73,2.93,2.96,118.71,120.86,120.13,115.79,1,27,7,0.035
2.73,2.93,2.96,2.81,120.86,120.13,115.79,106.71,0,27,7,0.005
2.93,2.96,2.81,2.73,120.13,115.79,106.71,95.39,1,27,7,0.0
2.96,2.81,2.73,2.87,115.79,106.71,95.39,88.5,2,27,7,0.0
2.81,2.73,2.87,3.23,106.71,95.39,88.5,90.19,3,27,7,0.01
2.73,2.87,3.23,3.66,95.39,88.5,90.19,95.15,4,27,7,0.025
2.87,3.23,3.66,3.94,88.5,90.19,95.15,98.71,5,27,7,0.03
3.23,3.66,3.94,2.85,90.19,95.15,98.71,103.17,6,27,7,0.01
3.66,3.94,2.85,3.2,95.15,98.71,103.17,103.36,7,27,7,0.0
3.94,2.85,3.2,3.35,98.71,103.17,103.36,100.63,8,27,7,0.01
2.85,3.2,3.35,3.33,103.17,103.36,100.63,96.42,9,27,7,0.0
3.2,3.35,3.33,3.17,103.36,100.63,96.42,92.38,10,27,7,0.0
3.35,3.33,3.17,2.88,100.63,96.42,92.38,90.73,11,27,7,0.0
3.33,3.17,2.88,2.46,96.42,92.38,90.73,94.09,12,27,7,0.005
3.17,2.88,2.46,2.01,92.38,90.73,94.09,102.78,13,27,7,0.0
2.88,2.46,2.01,1.67,90.73,94.09,102.78,114.58,14,27,7,0.0
2.46,2.01,1.67,1.44,94.09,102.78,114.58,124.63,15,27,7,0.0
2.01,1.67,1.44,1.22,102.78,114.58,124.63,135.16,16,27,7,0.005
1.67,1.44,1.22,1.04,114.58,124.63,135.16,155.24,17,27,7,0.015
1.44,1.22,1.04,1.27,124.63,135.16,155.24,147.93,6,27,7,0.0
1.22,1.04,1.27,1.59,135.16,155.24,147.93,163.36,5,27,7,0.0
1.04,1.27,1.59,1.46,155.24,147.93,163.36,175.48,4,27,7,0.01
1.27,1.59,1.46,1.1,147.93,163.36,175.48,194.13,3,27,7,0.01
1.59,1.46,1.1,0.81,163.36,175.48,194.13,223.94,2,27,7,0.0
1.46,1.1,0.81,0.68,175.48,194.13,223.94,246.61,1,27,7,0.0
1.1,0.81,0.68,0.49,194.13,223.94,246.61,231.76,0,27,7,0.0
0.81,0.68,0.49,0.57,223.94,246.61,231.76,184.5,1,27,7,0.0
0.68,0.49,0.57,0.88,246.61,231.76,184.5,172.7,2,27,7,0.0
0.49,0.57,0.88,1.08,231.76,184.5,172.7,185.05,3,27,7,0.015
0.57,0.88,1.08,1.28,184.5,172.7,185.05,199.95,4,27,7,0.03
0.88,1.08,1.28,1.44,172.7,185.05,199.95,203.82,5,27,7,0.01
1.08,1.28,1.44,2.22,185.05,199.95,203.82,169.75,6,27,7,0.0
1.28,1.44,2.22,2.4,199.95,203.82,169.75,162.17,7,27,7,0.0
1.44,2.22,2.4,2.52,203.82,169.75,162.17,158.7,8,27,7,0.0
2.22,2.4,2.52,2.57,169.75,162.17,158.7,157.24,9,27,7,0.0
2.4,2.52,2.57,2.63,162.17,158.7,157.24,156.03,10,27,7,0.01
2.52,2.57,2.63,2.76,158.7,157.24,156.03,153.58,11,27,7,0.01
2.57,2.63,2.76,3.04,157.24,156.03,153.58,149.37,12,27,7,0.01
2.63,2.76,3.04,3.39,156.03,153.58,149.37,144.51,13,27,7,0.01
2.76,3.04,3.39,3.69,153.58,149.37,144.51,139.6,14,27,7,0.01
3.04,3.39,3.69,3.85,149.37,144.51,139.6,134.69,15,27,7,0.08
3.39,3.69,3.85,3.83,144.51,139.6,134.69,130.17,16,27,7,0.025
3.69,3.85,3.83,3.62,139.6,134.69,130.17,126.63,17,27,7,0.08
3.85,3.83,3.62,2.97,134.69,130.17,126.63,136.14,6,27,7,0.201
3.83,3.62,2.97,2.86,130.17,126.63,136.14,132.13,5,27,7,0.12
3.62,2.97,2.86,2.93,126.63,136.14,132.13,125.85,4,27,7,0.035
2.97,2.86,2.93,3.14,136.14,132.13,125.85,119.18,3,27,7,0.05
2.86,2.93,3.14,3.41,132.13,125.85,119.18,113.51,2,27,7,0.08
2.93,3.14,3.41,3.63,125.85,119.18,113.51,109.2,1,27,7,0.065
3.14,3.41,3.63,3.72,119.18,113.51,109.2,106.16,0,27,7,0.14
3.41,3.63,3.72,3.77,113.51,109.2,106.16,104.81,1,27,7,0.08
3.63,3.72,3.77,3.95,109.2,106.16,104.81,105.91,2,27,7,0.055
3.72,3.77,3.95,4.35,106.16,104.81,105.91,109.48,3,27,7,0.025
3.77,3.95,4.35,4.87,104.81,105.91,109.48,114.04,4,27,7,0.04
3.95,4.35,4.87,5.37,105.91,109.48,114.04,118.64,5,27,7,0.1
4.35,4.87,5.37,4.74,109.48,114.04,118.64,128.18,6,27,7,0.175
4.87,5.37,4.74,5.3,114.04,118.64,128.18,132.5,7,27,7,0.13
5.37,4.74,5.3,5.97,118.64,128.18,132.5,132.24,8,27,7,0.095
4.74,5.3,5.97,6.66,128.18,132.5,132.24,129.64,9,27,7,0.095
5.3,5.97,6.66,7.26,132.5,132.24,129.64,126.24,10,27,7,0.19
5.97,6.66,7.26,7.62,132.24,129.64,126.24,122.86,11,27,7,0.221
6.66,7.26,7.62,7.67,129.64,126.24,122.86,119.83,12,27,7,0.226
7.26,7.62,7.67,7.52,126.24,122.86,119.83,117.26,13,27,7,0.301
7.62,7.67,7.52,7.35,122.86,119.83,117.26,115.55,14,27,7,0.42100000000000004
7.67,7.52,7.35,7.28,119.83,117.26,115.55,115.09,15,27,7,0.486
7.52,7.35,7.28,7.17,117.26,115.55,115.09,115.46,16,27,7,0.47600000000000003
7.35,7.28,7.17,6.81,115.55,115.09,115.46,116.0,17,27,7,0.47600000000000003
7.28,7.17,6.81,5.91,115.09,115.46,116.0,112.45,6,27,7,0.521
7.17,6.81,5.91,5.38,115.46,116.0,112.45,115.22,5,27,7,0.47600000000000003
6.81,5.91,5.38,4.89,116.0,112.45,115.22,116.34,4,27,7,0.501
5.91,5.38,4.89,4.45,112.45,115.22,116.34,116.08,3,27,7,0.662
5.38,4.89,4.45,4.06,115.22,116.34,116.08,115.24,2,27,7,0.747
4.89,4.45,4.06,3.7,116.34,116.08,115.24,115.13,1,27,7,0.622
4.45,4.06,3.7,3.4,116.08,115.24,115.13,117.07,0,27,7,0.406
4.06,3.7,3.4,3.28,115.24,115.13,117.07,120.38,1,27,7,0.19
3.7,3.4,3.28,3.52,115.13,117.07,120.38,122.89,2,27,7,0.11
3.4,3.28,3.52,4.17,117.07,120.38,122.89,123.15,3,27,7,0.075
3.28,3.52,4.17,5.05,120.38,122.89,123.15,122.74,4,27,7,0.135
3.52,4.17,5.05,5.88,122.89,123.15,122.74,123.03,5,27,7,0.11
4.17,5.05,5.88,6.7,123.15,122.74,123.03,132.94,6,27,7,0.201
5.05,5.88,6.7,6.75,122.74,123.03,132.94,132.32,7,27,7,0.386
5.88,6.7,6.75,6.61,123.03,132.94,132.32,132.85,8,27,7,0.461
6.7,6.75,6.61,6.34,132.94,132.32,132.85,134.06,9,27,7,0.451
6.75,6.61,6.34,6.09,132.32,132.85,134.06,135.15,10,27,7,0.376
6.61,6.34,6.09,6.02,132.85,134.06,135.15,135.02,11,27,7,0.266
6.34,6.09,6.02,6.21,134.06,135.15,135.02,133.05,12,27,7,0.24100000000000002
6.09,6.02,6.21,6.36,135.15,135.02,133.05,130.23,13,27,7,0.23600000000000002
6.02,6.21,6.36,6.07,135.02,133.05,130.23,127.34,14,27,7,0.226
6.21,6.36,6.07,5.1,133.05,130.23,127.34,124.22,15,27,7,0.271
6.36,6.07,5.1,3.86,130.23,127.34,124.22,119.72,16,27,7,0.271
6.07,5.1,3.86,2.95,127.34,124.22,119.72,113.22,17,27,7,0.29600000000000004
5.1,3.86,2.95,3.66,124.22,119.72,113.22,106.24,6,27,7,0.19
3.86,2.95,3.66,3.33,119.72,113.22,106.24,104.72,5,27,7,0.12
2.95,3.66,3.33,3.18,113.22,106.24,104.72,102.23,4,27,7,0.195
3.66,3.33,3.18,3.17,106.24,104.72,102.23,99.29,3,27,7,0.281
3.33,3.18,3.17,3.24,104.72,102.23,99.29,96.8,2,27,7,0.221
3.18,3.17,3.24,3.34,102.23,99.29,96.8,95.47,1,27,7,0.14
3.17,3.24,3.34,3.41,99.29,96.8,95.47,95.41,0,27,7,0.21600000000000003
3.24,3.34,3.41,3.44,96.8,95.47,95.41,95.31,1,27,7,0.281
3.34,3.41,3.44,3.43,95.47,95.41,95.31,93.59,2,27,7,0.20600000000000002
3.41,3.44,3.43,3.41,95.41,95.31,93.59,89.44,3,27,7,0.185
3.44,3.43,3.41,3.41,95.31,93.59,89.44,85.52,4,27,7,0.24600000000000002
3.43,3.41,3.41,3.45,93.59,89.44,85.52,85.48,5,27,7,0.266
3.41,3.41,3.45,3.55,89.44,85.52,85.48,83.01,6,27,7,0.165
3.41,3.45,3.55,3.94,85.52,85.48,83.01,90.84,7,27,7,0.025
3.45,3.55,3.94,4.1,85.48,83.01,90.84,97.9,8,27,7,0.01
3.55,3.94,4.1,4.11,83.01,90.84,97.9,104.57,9,27,7,0.0
3.94,4.1,4.11,4.09,90.84,97.9,104.57,109.68,10,27,7,0.01
4.1,4.11,4.09,4.1,97.9,104.57,109.68,111.21,11,27,7,0.035
4.11,4.09,4.1,4.2,104.57,109.68,111.21,108.12,12,27,7,0.03
4.09,4.1,4.2,4.29,109.68,111.21,108.12,103.66,13,27,7,0.02
4.1,4.2,4.29,4.18,111.21,108.12,103.66,101.39,14,27,7,0.045
4.2,4.29,4.18,3.72,108.12,103.66,101.39,103.82,15,27,7,0.07
4.29,4.18,3.72,3.14,103.66,101.39,103.82,109.42,16,27,7,0.085
4.18,3.72,3.14,2.73,101.39,103.82,109.42,112.95,17,27,7,0.065
3.72,3.14,2.73,2.97,103.82,109.42,112.95,108.7,6,28,7,0.015
3.14,2.73,2.97,2.94,109.42,112.95,108.7,108.75,5,28,7,0.01
2.73,2.97,2.94,2.85,112.95,108.7,108.75,115.61,4,28,7,0.035
2.97,2.94,2.85,2.79,108.7,108.75,115.61,126.18,3,28,7,0.09
2.94,2.85,2.79,2.77,108.75,115.61,126.18,134.25,2,28,7,0.115
2.85,2.79,2.77,2.62,115.61,126.18,134.25,133.12,1,28,7,0.06
2.79,2.77,2.62,2.4,126.18,134.25,133.12,116.54,0,28,7,0.05
2.77,2.62,2.4,2.54,134.25,133.12,116.54,92.97,1,28,7,0.03
2.62,2.4,2.54,2.94,133.12,116.54,92.97,79.63,2,28,7,0.0
2.4,2.54,2.94,3.14,116.54,92.97,79.63,79.78,3,28,7,0.0
2.54,2.94,3.14,3.23,92.97,79.63,79.78,87.43,4,28,7,0.04
2.94,3.14,3.23,3.5,79.63,79.78,87.43,96.18,5,28,7,0.04
3.14,3.23,3.5,4.34,79.78,87.43,96.18,106.87,6,28,7,0.09
3.23,3.5,4.34,5.05,87.43,96.18,106.87,108.15,7,28,7,0.125
3.5,4.34,5.05,5.64,96.18,106.87,108.15,108.84,8,28,7,0.085
4.34,5.05,5.64,6.1,106.87,108.15,108.84,109.15,9,28,7,0.055
5.05,5.64,6.1,6.45,108.15,108.84,109.15,108.67,10,28,7,0.085
5.64,6.1,6.45,6.69,108.84,109.15,108.67,106.91,11,28,7,0.21100000000000002
6.1,6.45,6.69,6.84,109.15,108.67,106.91,103.9,12,28,7,0.266
6.45,6.69,6.84,6.77,108.67,106.91,103.9,101.89,13,28,7,0.185
6.69,6.84,6.77,6.3,106.91,103.9,101.89,103.77,14,28,7,0.16
6.84,6.77,6.3,5.43,103.9,101.89,103.77,112.94,15,28,7,0.075
6.77,6.3,5.43,4.58,101.89,103.77,112.94,128.26,16,28,7,0.175
6.3,5.43,4.58,3.91,103.77,112.94,128.26,142.94,17,28,7,0.12
5.43,4.58,3.91,3.15,112.94,128.26,142.94,133.26,6,28,7,0.02
4.58,3.91,3.15,2.46,128.26,142.94,133.26,127.73,5,28,7,0.05
3.91,3.15,2.46,2.1,142.94,133.26,127.73,120.81,4,28,7,0.07
3.15,2.46,2.1,2.01,133.26,127.73,120.81,113.94,3,28,7,0.005
2.46,2.1,2.01,2.17,127.73,120.81,113.94,108.21,2,28,7,0.0
2.1,2.01,2.17,2.54,120.81,113.94,108.21,103.66,1,28,7,0.03
2.01,2.17,2.54,3.11,113.94,108.21,103.66,100.05,0,28,7,0.02
2.17,2.54,3.11,3.76,108.21,103.66,100.05,97.82,1,28,7,0.075
2.54,3.11,3.76,4.39,103.66,100.05,97.82,96.98,2,28,7,0.105
3.11,3.76,4.39,4.89,100.05,97.82,96.98,97.5,3,28,7,0.16
3.76,4.39,4.89,5.24,97.82,96.98,97.5,99.69,4,28,7,0.18
4.39,4.89,5.24,5.45,96.98,97.5,99.69,104.08,5,28,7,0.231
4.89,5.24,5.45,5.91,97.5,99.69,104.08,108.1,6,28,7,0.306
5.24,5.45,5.91,6.41,99.69,104.08,108.1,111.86,7,28,7,0.28600000000000003
5.45,5.91,6.41,6.73,104.08,108.1,111.86,114.04,8,28,7,0.24600000000000002
5.91,6.41,6.73,6.91,108.1,111.86,114.04,115.21,9,28,7,0.306
6.41,6.73,6.91,7.0,111.86,114.04,115.21,115.89,10,28,7,0.306
6.73,6.91,7.0,7.09,114.04,115.21,115.89,116.47,11,28,7,0.306
6.91,7.0,7.09,7.24,115.21,115.89,116.47,117.13,12,28,7,0.316
7.0,7.09,7.24,7.34,115.89,116.47,117.13,117.36,13,28,7,0.381
7.09,7.24,7.34,7.27,116.47,117.13,117.36,116.48,14,28,7,0.41100000000000003
7.24,7.34,7.27,6.94,117.13,117.36,116.48,113.98,15,28,7,0.426
7.34,7.27,6.94,6.39,117.36,116.48,113.98,110.44,16,28,7,0.391
7.27,6.94,6.39,5.66,116.48,113.98,110.44,106.88,17,28,7,0.34600000000000003
6.94,6.39,5.66,5.56,113.98,110.44,106.88,101.4,6,28,7,0.316
6.39,5.66,5.56,5.18,110.44,106.88,101.4,99.12,5,28,7,0.271
5.66,5.56,5.18,4.8,106.88,101.4,99.12,99.83,4,28,7,0.276
5.56,5.18,4.8,4.42,101.4,99.12,99.83,103.1,3,28,7,0.226
5.18,4.8,4.42,4.05,99.12,99.83,103.1,107.51,2,28,7,0.276
4.8,4.42,4.05,3.67,99.83,103.1,107.51,110.92,1,28,7,0.21600000000000003
4.42,4.05,3.67,3.23,103.1,107.51,110.92,111.4,0,28,7,0.145
4.05,3.67,3.23,2.89,107.51,110.92,111.4,110.88,1,28,7,0.1
3.67,3.23,2.89,2.86,110.92,111.4,110.88,113.62,2,28,7,0.07
3.23,2.89,2.86,3.29,111.4,110.88,113.62,121.35,3,28,7,0.06
2.89,2.86,3.29,3.95,110.88,113.62,121.35,129.89,4,28,7,0.06
2.86,3.29,3.95,4.49,113.62,121.35,129.89,137.99,5,28,7,0.045
3.29,3.95,4.49,4.54,121.35,129.89,137.99,147.94,6,28,7,0.045
3.95,4.49,4.54,4.73,129.89,137.99,147.94,155.68,7,28,7,0.085
4.49,4.54,4.73,4.76,137.99,147.94,155.68,160.13,8,28,7,0.085
4.54,4.73,4.76,4.63,147.94,155.68,160.13,162.64,9,28,7,0.08
4.73,4.76,4.63,4.43,155.68,160.13,162.64,164.2,10,28,7,0.095
4.76,4.63,4.43,4.23,160.13,162.64,164.2,165.65,11,28,7,0.05
4.63,4.43,4.23,4.12,162.64,164.2,165.65,167.72,12,28,7,0.035
4.43,4.23,4.12,3.97,164.2,165.65,167.72,170.91,13,28,7,0.055
4.23,4.12,3.97,3.67,165.65,167.72,170.91,176.13,14,28,7,0.04
4.12,3.97,3.67,3.18,167.72,170.91,176.13,184.95,15,28,7,0.035
3.97,3.67,3.18,2.74,170.91,176.13,184.95,196.08,16,28,7,0.02
3.67,3.18,2.74,2.52,176.13,184.95,196.08,202.81,17,28,7,0.025
3.18,2.74,2.52,2.35,184.95,196.08,202.81,187.01,6,28,7,0.06
2.74,2.52,2.35,2.45,196.08,202.81,187.01,180.91,5,28,7,0.03
2.52,2.35,2.45,2.5,202.81,187.01,180.91,177.71,4,28,7,0.045
2.35,2.45,2.5,2.45,187.01,180.91,177.71,177.04,3,28,7,0.065
2.45,2.5,2.45,2.21,180.91,177.71,177.04,179.99,2,28,7,0.075
2.5,2.45,2.21,1.71,177.71,177.04,179.99,190.96,1,28,7,0.135
2.45,2.21,1.71,1.2,177.04,179.99,190.96,225.51,0,28,7,0.185
2.21,1.71,1.2,1.43,179.99,190.96,225.51,273.82,1,28,7,0.075
1.71,1.2,1.43,2.01,190.96,225.51,273.82,295.0,2,28,7,0.005
1.2,1.43,2.01,2.26,225.51,273.82,295.0,302.49,3,28,7,0.0
1.43,2.01,2.26,2.19,273.82,295.0,302.49,304.94,4,28,7,0.0
2.01,2.26,2.19,2.03,295.0,302.49,304.94,303.42,5,28,7,0.03
2.26,2.19,2.03,2.04,302.49,304.94,303.42,291.53,6,28,7,0.03
2.19,2.03,2.04,2.23,304.94,303.42,291.53,290.25,7,28,7,0.0
2.03,2.04,2.23,2.45,303.42,291.53,290.25,290.6,8,28,7,0.0
2.04,2.23,2.45,2.7,291.53,290.25,290.6,292.27,9,28,7,0.0
2.23,2.45,2.7,2.98,290.25,290.6,292.27,295.74,10,28,7,0.0
2.45,2.7,2.98,3.34,290.6,292.27,295.74,301.27,11,28,7,0.0
2.7,2.98,3.34,3.8,292.27,295.74,301.27,308.02,12,28,7,0.015
2.98,3.34,3.8,4.18,295.74,301.27,308.02,313.57,13,28,7,0.005
3.34,3.8,4.18,4.21,301.27,308.02,313.57,316.81,14,28,7,0.025
3.8,4.18,4.21,3.7,308.02,313.57,316.81,317.46,15,28,7,0.095
4.18,4.21,3.7,2.95,313.57,316.81,317.46,316.97,16,28,7,0.085
4.21,3.7,2.95,2.38,316.81,317.46,316.97,318.43,17,28,7,0.13
3.7,2.95,2.38,3.2,317.46,316.97,318.43,331.68,6,28,7,0.12
2.95,2.38,3.2,3.15,316.97,318.43,331.68,337.25,5,28,7,0.095
2.38,3.2,3.15,3.17,318.43,331.68,337.25,341.64,4,28,7,0.095
3.2,3.15,3.17,3.23,331.68,337.25,341.64,344.72,3,28,7,0.1
3.15,3.17,3.23,3.28,337.25,341.64,344.72,346.7,2,28,7,0.16
3.17,3.23,3.28,3.27,341.64,344.72,346.7,347.89,1,28,7,0.19
3.23,3.28,3.27,3.17,344.72,346.7,347.89,348.48,0,28,7,0.165
3.28,3.27,3.17,3.06,346.7,347.89,348.48,347.93,1,28,7,0.105
3.27,3.17,3.06,3.04,347.89,348.48,347.93,345.5,2,28,7,0.09
3.17,3.06,3.04,3.19,348.48,347.93,345.5,341.41,3,28,7,0.1
3.06,3.04,3.19,3.42,347.93,345.5,341.41,338.04,4,28,7,0.095
3.04,3.19,3.42,3.6,345.5,341.41,338.04,337.28,5,28,7,0.11
3.19,3.42,3.6,3.14,341.41,338.04,337.28,349.58,6,28,7,0.11
3.42,3.6,3.14,3.26,338.04,337.28,349.58,357.26,7,28,7,0.005
3.6,3.14,3.26,3.59,337.28,349.58,357.26,9.25,8,28,7,0.0
3.14,3.26,3.59,4.17,349.58,357.26,9.25,20.77,9,28,7,0.04
3.26,3.59,4.17,4.87,357.26,9.25,20.77,28.99,10,28,7,0.165
3.59,4.17,4.87,5.5,9.25,20.77,28.99,33.41,11,28,7,0.266
4.17,4.87,5.5,5.87,20.77,28.99,33.41,34.56,12,28,7,0.326
4.87,5.5,5.87,5.85,28.99,33.41,34.56,33.89,13,28,7,0.35100000000000003
5.5,5.87,5.85,5.36,33.41,34.56,33.89,32.41,14,28,7,0.361
5.87,5.85,5.36,4.38,34.56,33.89,32.41,30.55,15,28,7,0.311
5.85,5.36,4.38,3.28,33.89,32.41,30.55,27.85,16,28,7,0.306
5.36,4.38,3.28,2.51,32.41,30.55,27.85,24.18,17,28,7,0.29100000000000004
4.38,3.28,2.51,3.55,30.55,27.85,24.18,19.43,6,28,7,0.281
3.28,2.51,3.55,3.4,27.85,24.18,19.43,17.63,5,28,7,0.23600000000000002
2.51,3.55,3.4,3.4,24.18,19.43,17.63,20.44,4,28,7,0.366
3.55,3.4,3.4,3.54,19.43,17.63,20.44,26.24,3,28,7,0.381
3.4,3.4,3.54,3.72,17.63,20.44,26.24,32.2,2,28,7,0.42100000000000004
3.4,3.54,3.72,3.8,20.44,26.24,32.2,36.29,1,28,7,0.48100000000000004
3.54,3.72,3.8,3.67,26.24,32.2,36.29,38.12,0,28,7,0.451
3.72,3.8,3.67,3.51,32.2,36.29,38.12,41.31,1,28,7,0.466
3.8,3.67,3.51,3.59,36.29,38.12,41.31,50.07,2,28,7,0.47600000000000003
3.67,3.51,3.59,4.25,38.12,41.31,50.07,62.94,3,28,7,0.501
3.51,3.59,4.25,5.15,41.31,50.07,62.94,71.95,4,28,7,0.42100000000000004
3.59,4.25,5.15,5.6,50.07,62.94,71.95,75.59,5,28,7,0.251
4.25,5.15,5.6,4.76,62.94,71.95,75.59,83.73,6,28,7,0.19
5.15,5.6,4.76,4.97,71.95,75.59,83.73,91.84,7,28,7,0.226
5.6,4.76,4.97,5.59,75.59,83.73,91.84,92.8,8,28,7,0.18
4.76,4.97,5.59,6.4,83.73,91.84,92.8,90.51,9,28,7,0.065
4.97,5.59,6.4,7.2,91.84,92.8,90.51,88.81,10,28,7,0.115
5.59,6.4,7.2,7.74,92.8,90.51,88.81,90.13,11,28,7,0.306
6.4,7.2,7.74,7.88,90.51,88.81,90.13,95.79,12,28,7,0.47100000000000003
7.2,7.74,7.88,7.77,88.81,90.13,95.79,104.22,13,28,7,0.596
7.74,7.88,7.77,7.51,90.13,95.79,104.22,113.19,14,28,7,0.657
7.88,7.77,7.51,7.06,95.79,104.22,113.19,120.85,15,28,7,0.586
7.77,7.51,7.06,6.49,104.22,113.19,120.85,126.86,16,28,7,0.5760000000000001
7.51,7.06,6.49,5.96,113.19,120.85,126.86,130.49,17,28,7,0.627
7.06,6.49,5.96,6.0,120.85,126.86,130.49,129.58,6,28,7,0.546
6.49,5.96,6.0,5.95,126.86,130.49,129.58,129.18,5,28,7,0.521
5.96,6.0,5.95,5.58,130.49,129.58,129.18,128.26,4,28,7,0.35100000000000003
6.0,5.95,5.58,5.02,129.58,129.18,128.26,126.75,3,28,7,0.536
5.95,5.58,5.02,4.36,129.18,128.26,126.75,124.69,2,28,7,0.617
5.58,5.02,4.36,3.74,128.26,126.75,124.69,122.32,1,28,7,0.5660000000000001
5.02,4.36,3.74,3.24,126.75,124.69,122.32,120.09,0,28,7,0.41100000000000003
4.36,3.74,3.24,2.97,124.69,122.32,120.09,117.8,1,28,7,0.29100000000000004
3.74,3.24,2.97,3.0,122.32,120.09,117.8,115.16,2,28,7,0.29100000000000004
3.24,2.97,3.0,3.38,120.09,117.8,115.16,112.48,3,28,7,0.391
2.97,3.0,3.38,3.96,117.8,115.16,112.48,110.63,4,28,7,0.446
3.0,3.38,3.96,4.52,115.16,112.48,110.63,109.76,5,28,7,0.496
3.38,3.96,4.52,5.2,112.48,110.63,109.76,113.73,6,28,7,0.276
3.96,4.52,5.2,5.65,110.63,109.76,113.73,115.81,7,28,7,0.075
4.52,5.2,5.65,6.07,109.76,113.73,115.81,114.64,8,28,7,0.18
5.2,5.65,6.07,6.45,113.73,115.81,114.64,111.76,9,28,7,0.21100000000000002
5.65,6.07,6.45,6.75,115.81,114.64,111.76,108.17,10,28,7,0.29600000000000004
6.07,6.45,6.75,6.96,114.64,111.76,108.17,104.57,11,28,7,0.29100000000000004
6.45,6.75,6.96,7.02,111.76,108.17,104.57,101.57,12,28,7,0.29600000000000004
6.75,6.96,7.02,6.81,108.17,104.57,101.57,100.11,13,28,7,0.376
6.96,7.02,6.81,6.2,104.57,101.57,100.11,101.54,14,28,7,0.401
7.02,6.81,6.2,5.2,101.57,100.11,101.54,107.95,15,28,7,0.371
6.81,6.2,5.2,4.23,100.11,101.54,107.95,119.23,16,28,7,0.28600000000000003
6.2,5.2,4.23,3.6,101.54,107.95,119.23,130.32,17,28,7,0.175
5.2,4.23,3.6,3.41,107.95,119.23,130.32,129.77,6,29,7,0.105
4.23,3.6,3.41,3.14,119.23,130.32,129.77,130.28,5,29,7,0.07
3.6,3.41,3.14,3.04,130.32,129.77,130.28,126.78,4,29,7,0.135
3.41,3.14,3.04,3.09,129.77,130.28,126.78,120.74,3,29,7,0.165
3.14,3.04,3.09,3.2,130.28,126.78,120.74,114.97,2,29,7,0.23600000000000002
3.04,3.09,3.2,3.26,126.78,120.74,114.97,111.57,1,29,7,0.306
3.09,3.2,3.26,3.15,120.74,114.97,111.57,111.19,0,29,7,0.336
3.2,3.26,3.15,3.07,114.97,111.57,111.19,111.11,1,29,7,0.29600000000000004
3.26,3.15,3.07,3.24,111.57,111.19,111.11,107.79,2,29,7,0.23600000000000002
3.15,3.07,3.24,3.87,111.19,111.11,107.79,101.14,3,29,7,0.201
3.07,3.24,3.87,4.78,111.11,107.79,101.14,96.67,4,29,7,0.29100000000000004
3.24,3.87,4.78,5.62,107.79,101.14,96.67,96.55,5,29,7,0.321
3.87,4.78,5.62,6.68,101.14,96.67,96.55,110.25,6,29,7,0.29100000000000004
4.78,5.62,6.68,7.42,96.67,96.55,110.25,115.36,7,29,7,0.326
5.62,6.68,7.42,7.76,96.55,110.25,115.36,117.65,8,29,7,0.486
6.68,7.42,7.76,7.78,110.25,115.36,117.65,118.44,9,29,7,0.451
7.42,7.76,7.78,7.76,115.36,117.65,118.44,118.71,10,29,7,0.5760000000000001
7.76,7.78,7.76,8.0,117.65,118.44,118.71,119.36,11,29,7,0.667
7.78,7.76,8.0,8.65,118.44,118.71,119.36,120.76,12,29,7,0.7120000000000001
7.76,8.0,8.65,9.17,118.71,119.36,120.76,122.14,13,29,7,0.787
8.0,8.65,9.17,8.86,119.36,120.76,122.14,122.92,14,29,7,0.8270000000000001
8.65,9.17,8.86,7.28,120.76,122.14,122.92,122.68,15,29,7,0.847
9.17,8.86,7.28,5.11,122.14,122.92,122.68,120.74,16,29,7,0.672
8.86,7.28,5.11,3.35,122.92,122.68,120.74,115.23,17,29,7,0.511
7.28,5.11,3.35,4.34,122.68,120.74,115.23,108.95,6,29,7,0.331
5.11,3.35,4.34,3.65,120.74,115.23,108.95,106.13,5,29,7,0.18
3.35,4.34,3.65,3.23,115.23,108.95,106.13,102.74,4,29,7,0.221
4.34,3.65,3.23,3.03,108.95,106.13,102.74,99.64,3,29,7,0.281
3.65,3.23,3.03,2.94,106.13,102.74,99.64,97.89,2,29,7,0.371
3.23,3.03,2.94,2.84,102.74,99.64,97.89,98.2,1,29,7,0.47600000000000003
3.03,2.94,2.84,2.67,99.64,97.89,98.2,101.05,0,29,7,0.41600000000000004
2.94,2.84,2.67,2.55,97.89,98.2,101.05,105.81,1,29,7,0.401
2.84,2.67,2.55,2.63,98.2,101.05,105.81,110.44,2,29,7,0.28600000000000003
2.67,2.55,2.63,2.99,101.05,105.81,110.44,113.0,3,29,7,0.221
2.55,2.63,2.99,3.49,105.81,110.44,113.0,115.52,4,29,7,0.19
2.63,2.99,3.49,3.97,110.44,113.0,115.52,120.33,5,29,7,0.316
2.99,3.49,3.97,4.54,113.0,115.52,120.33,140.06,6,29,7,0.21100000000000002
3.49,3.97,4.54,4.89,115.52,120.33,140.06,139.49,7,29,7,0.17
3.97,4.54,4.89,5.26,120.33,140.06,139.49,137.53,8,29,7,0.185
4.54,4.89,5.26,5.61,140.06,139.49,137.53,134.98,9,29,7,0.18
4.89,5.26,5.61,5.86,139.49,137.53,134.98,132.36,10,29,7,0.175
5.26,5.61,5.86,5.94,137.53,134.98,132.36,129.97,11,29,7,0.21100000000000002
5.61,5.86,5.94,5.78,134.98,132.36,129.97,127.98,12,29,7,0.276
5.86,5.94,5.78,5.37,132.36,129.97,127.98,126.56,13,29,7,0.24600000000000002
5.94,5.78,5.37,4.7,129.97,127.98,126.56,126.07,14,29,7,0.231
5.78,5.37,4.7,3.81,127.98,126.56,126.07,126.92,15,29,7,0.23600000000000002
5.37,4.7,3.81,2.93,126.56,126.07,126.92,127.56,16,29,7,0.231
4.7,3.81,2.93,2.34,126.07,126.92,127.56,123.25,17,29,7,0.21100000000000002
3.81,2.93,2.34,3.53,126.92,127.56,123.25,113.56,6,29,7,0.145
2.93,2.34,3.53,3.46,127.56,123.25,113.56,104.61,5,29,7,0.075
2.34,3.53,3.46,3.29,123.25,113.56,104.61,94.7,4,29,7,0.065
3.53,3.46,3.29,3.11,113.56,104.61,94.7,83.45,3,29,7,0.04
3.46,3.29,3.11,3.0,104.61,94.7,83.45,71.62,2,29,7,0.05
3.29,3.11,3.0,3.0,94.7,83.45,71.62,61.11,1,29,7,0.065
3.11,3.0,3.0,3.07,83.45,71.62,61.11,53.65,0,29,7,0.08
3.0,3.0,3.07,3.19,71.62,61.11,53.65,48.97,1,29,7,0.04
3.0,3.07,3.19,3.32,61.11,53.65,48.97,46.19,2,29,7,0.06
3.07,3.19,3.32,3.47,53.65,48.97,46.19,44.25,3,29,7,0.135
3.19,3.32,3.47,3.59,48.97,46.19,44.25,41.14,4,29,7,0.115
3.32,3.47,3.59,3.65,46.19,44.25,41.14,34.67,5,29,7,0.12
3.47,3.59,3.65,3.87,44.25,41.14,34.67,20.35,6,29,7,0.1
3.59,3.65,3.87,4.22,41.14,34.67,20.35,12.07,7,29,7,0.09
3.65,3.87,4.22,4.67,34.67,20.35,12.07,8.56,8,29,7,0.04
3.87,4.22,4.67,5.11,20.35,12.07,8.56,7.84,9,29,7,0.135
4.22,4.67,5.11,5.45,12.07,8.56,7.84,8.07,10,29,7,0.21600000000000003
4.67,5.11,5.45,5.62,8.56,7.84,8.07,7.84,11,29,7,0.226
5.11,5.45,5.62,5.57,7.84,8.07,7.84,6.36,12,29,7,0.21100000000000002
5.45,5.62,5.57,5.34,8.07,7.84,6.36,4.48,13,29,7,0.201
5.62,5.57,5.34,5.0,7.84,6.36,4.48,3.66,14,29,7,0.306
5.57,5.34,5.0,4.61,6.36,4.48,3.66,5.34,15,29,7,0.271
5.34,5.0,4.61,4.25,4.48,3.66,5.34,9.16,16,29,7,0.316
5.0,4.61,4.25,3.99,3.66,5.34,9.16,13.74,17,29,7,0.371
4.61,4.25,3.99,4.66,5.34,9.16,13.74,6.5,6,29,7,0.331
4.25,3.99,4.66,4.35,9.16,13.74,6.5,8.68,5,29,7,0.366
3.99,4.66,4.35,3.97,13.74,6.5,8.68,16.34,4,29,7,0.366
4.66,4.35,3.97,3.65,6.5,8.68,16.34,29.27,3,29,7,0.366
4.35,3.97,3.65,3.55,8.68,16.34,29.27,44.98,2,29,7,0.406
3.97,3.65,3.55,3.65,16.34,29.27,44.98,59.21,1,29,7,0.35600000000000004
3.65,3.55,3.65,3.76,29.27,44.98,59.21,69.88,0,29,7,0.281
3.55,3.65,3.76,3.82,44.98,59.21,69.88,79.15,1,29,7,0.326
3.65,3.76,3.82,3.88,59.21,69.88,79.15,89.41,2,29,7,0.47100000000000003
3.76,3.82,3.88,4.09,69.88,79.15,89.41,101.19,3,29,7,0.431
3.82,3.88,4.09,4.46,79.15,89.41,101.19,111.29,4,29,7,0.165
3.88,4.09,4.46,4.89,89.41,101.19,111.29,117.15,5,29,7,0.256
4.09,4.46,4.89,5.24,101.19,111.29,117.15,123.25,6,29,7,0.261
4.46,4.89,5.24,5.43,111.29,117.15,123.25,121.47,7,29,7,0.17
4.89,5.24,5.43,5.71,117.15,123.25,121.47,115.55,8,29,7,0.115
5.24,5.43,5.71,6.08,123.25,121.47,115.55,107.99,9,29,7,0.145
5.43,5.71,6.08,6.41,121.47,115.55,107.99,100.87,10,29,7,0.145
5.71,6.08,6.41,6.5,115.55,107.99,100.87,95.26,11,29,7,0.165
6.08,6.41,6.5,6.13,107.99,100.87,95.26,91.42,12,29,7,0.201
6.41,6.5,6.13,5.37,100.87,95.26,91.42,89.08,13,29,7,0.261
6.5,6.13,5.37,4.35,95.26,91.42,89.08,88.68,14,29,7,0.20600000000000002
6.13,5.37,4.35,3.23,91.42,89.08,88.68,92.0,15,29,7,0.251
5.37,4.35,3.23,2.27,89.08,88.68,92.0,102.51,16,29,7,0.256
4.35,3.23,2.27,1.79,88.68,92.0,102.51,122.7,17,29,7,0.391
3.23,2.27,1.79,2.67,92.0,102.51,122.7,116.53,6,29,7,0.24100000000000002
2.27,1.79,2.67,2.4,102.51,122.7,116.53,127.63,5,29,7,0.15
1.79,2.67,2.4,2.22,122.7,116.53,127.63,143.38,4,29,7,0.135
2.67,2.4,2.22,2.16,116.53,127.63,143.38,160.33,3,29,7,0.145
2.4,2.22,2.16,2.06,127.63,143.38,160.33,174.19,2,29,7,0.20600000000000002
2.22,2.16,2.06,1.63,143.38,160.33,174.19,184.47,1,29,7,0.135
2.16,2.06,1.63,0.7,160.33,174.19,184.47,197.32,0,29,7,0.02
2.06,1.63,0.7,0.61,174.19,184.47,197.32,350.01,1,29,7,0.0
1.63,0.7,0.61,1.87,184.47,197.32,350.01,2.22,2,29,7,0.0
0.7,0.61,1.87,2.86,197.32,350.01,2.22,4.99,3,29,7,0.0
0.61,1.87,2.86,3.51,350.01,2.22,4.99,7.51,4,29,7,0.0
1.87,2.86,3.51,3.8,2.22,4.99,7.51,11.63,5,29,7,0.03
2.86,3.51,3.8,3.64,4.99,7.51,11.63,46.57,6,29,7,0.02
3.51,3.8,3.64,4.11,7.51,11.63,46.57,57.59,7,29,7,0.035
3.8,3.64,4.11,4.27,11.63,46.57,57.59,62.24,8,29,7,0.065
3.64,4.11,4.27,4.11,46.57,57.59,62.24,63.79,9,29,7,0.045
4.11,4.27,4.11,3.67,57.59,62.24,63.79,63.55,10,29,7,0.06
4.27,4.11,3.67,3.05,62.24,63.79,63.55,62.2,11,29,7,0.08
4.11,3.67,3.05,2.3,63.79,63.55,62.2,60.94,12,29,7,0.15
3.67,3.05,2.3,1.48,63.55,62.2,60.94,65.91,13,29,7,0.13
3.05,2.3,1.48,0.88,62.2,60.94,65.91,106.84,14,29,7,0.04
2.3,1.48,0.88,1.59,60.94,65.91,106.84,159.18,15,29,7,0.025
1.48,0.88,1.59,2.77,65.91,106.84,159.18,169.49,16,29,7,0.015
0.88,1.59,2.77,3.52,106.84,159.18,169.49,170.2,17,29,7,0.01
1.59,2.77,3.52,2.84,159.18,169.49,170.2,153.37,6,29,7,0.005
2.77,3.52,2.84,3.05,169.49,170.2,153.37,150.5,5,29,7,0.03
3.52,2.84,3.05,3.07,170.2,153.37,150.5,145.21,4,29,7,0.095
2.84,3.05,3.07,2.98,153.37,150.5,145.21,137.72,3,29,7,0.08
3.05,3.07,2.98,2.85,150.5,145.21,137.72,129.08,2,29,7,0.175
3.07,2.98,2.85,2.68,145.21,137.72,129.08,120.78,1,29,7,0.18
2.98,2.85,2.68,2.49,137.72,129.08,120.78,113.99,0,29,7,0.1
2.85,2.68,2.49,2.45,129.08,120.78,113.99,108.24,1,29,7,0.07
2.68,2.49,2.45,2.79,120.78,113.99,108.24,104.12,2,29,7,0.075
2.49,2.45,2.79,3.67,113.99,108.24,104.12,102.35,3,29,7,0.1
2.45,2.79,3.67,4.77,108.24,104.12,102.35,102.16,4,29,7,0.055
2.79,3.67,4.77,5.68,104.12,102.35,102.16,102.66,5,29,7,0.1
3.67,4.77,5.68,6.02,102.35,102.16,102.66,106.54,6,29,7,0.075
4.77,5.68,6.02,6.31,102.16,102.66,106.54,108.06,7,29,7,0.09
5.68,6.02,6.31,6.4,102.66,106.54,108.06,108.84,8,29,7,0.11
6.02,6.31,6.4,6.34,106.54,108.06,108.84,108.98,9,29,7,0.175
6.31,6.4,6.34,6.25,108.06,108.84,108.98,108.35,10,29,7,0.185
6.4,6.34,6.25,6.25,108.84,108.98,108.35,106.76,11,29,7,0.256
6.34,6.25,6.25,6.42,108.98,108.35,106.76,104.36,12,29,7,0.23600000000000002
6.25,6.25,6.42,6.57,108.35,106.76,104.36,101.94,13,29,7,0.29600000000000004
6.25,6.42,6.57,6.47,106.76,104.36,101.94,100.12,14,29,7,0.331
6.42,6.57,6.47,5.92,104.36,101.94,100.12,99.13,15,29,7,0.451
6.57,6.47,5.92,5.09,101.94,100.12,99.13,98.56,16,29,7,0.381
6.47,5.92,5.09,4.25,100.12,99.13,98.56,97.8,17,29,7,0.386
5.92,5.09,4.25,3.93,99.13,98.56,97.8,99.6,6,29,7,0.331
5.09,4.25,3.93,3.36,98.56,97.8,99.6,99.26,5,29,7,0.261
4.25,3.93,3.36,3.21,97.8,99.6,99.26,97.48,4,29,7,0.17
3.93,3.36,3.21,3.37,99.6,99.26,97.48,95.21,3,29,7,0.195
3.36,3.21,3.37,3.66,99.26,97.48,95.21,93.46,2,29,7,0.20600000000000002
3.21,3.37,3.66,3.87,97.48,95.21,93.46,92.63,1,29,7,0.20600000000000002
3.37,3.66,3.87,3.88,95.21,93.46,92.63,92.87,0,29,7,0.24600000000000002
3.66,3.87,3.88,3.87,93.46,92.63,92.87,94.39,1,29,7,0.29100000000000004
3.87,3.88,3.87,4.12,92.63,92.87,94.39,97.15,2,29,7,0.311
3.88,3.87,4.12,4.78,92.87,94.39,97.15,100.22,3,29,7,0.256
3.87,4.12,4.78,5.55,94.39,97.15,100.22,102.71,4,29,7,0.276
4.12,4.78,5.55,6.01,97.15,100.22,102.71,104.72,5,29,7,0.316
4.78,5.55,6.01,5.59,100.22,102.71,104.72,110.66,6,29,7,0.316
5.55,6.01,5.59,5.24,102.71,104.72,110.66,111.37,7,29,7,0.226
6.01,5.59,5.24,4.89,104.72,110.66,111.37,110.65,8,29,7,0.21100000000000002
5.59,5.24,4.89,4.57,110.66,111.37,110.65,108.93,9,29,7,0.271
5.24,4.89,4.57,4.34,111.37,110.65,108.93,107.23,10,29,7,0.226
4.89,4.57,4.34,4.26,110.65,108.93,107.23,107.01,11,29,7,0.125
4.57,4.34,4.26,4.34,108.93,107.23,107.01,109.16,12,29,7,0.095
4.34,4.26,4.34,4.41,107.23,107.01,109.16,112.4,13,29,7,0.05
4.26,4.34,4.41,4.22,107.01,109.16,112.4,115.5,14,29,7,0.105
4.34,4.41,4.22,3.61,109.16,112.4,115.5,118.2,15,29,7,0.095
4.41,4.22,3.61,2.87,112.4,115.5,118.2,121.79,16,29,7,0.055
4.22,3.61,2.87,2.39,115.5,118.2,121.79,127.62,17,29,7,0.01
3.61,2.87,2.39,2.53,118.2,121.79,127.62,145.25,6,30,7,0.005
2.87,2.39,2.53,2.85,121.79,127.62,145.25,144.55,5,30,7,0.03
2.39,2.53,2.85,2.57,127.62,145.25,144.55,140.51,4,30,7,0.055
2.53,2.85,2.57,1.95,145.25,144.55,140.51,131.17,3,30,7,0.05
2.85,2.57,1.95,1.36,144.55,140.51,131.17,112.15,2,30,7,0.005
2.57,1.95,1.36,1.12,140.51,131.17,112.15,89.08,1,30,7,0.0
1.95,1.36,1.12,1.13,131.17,112.15,89.08,85.04,0,30,7,0.0
1.36,1.12,1.13,1.16,112.15,89.08,85.04,92.19,1,30,7,0.0
1.12,1.13,1.16,1.05,89.08,85.04,92.19,93.88,2,30,7,0.015
1.13,1.16,1.05,0.73,85.04,92.19,93.88,70.23,3,30,7,0.005
1.16,1.05,0.73,0.76,92.19,93.88,70.23,18.9,4,30,7,0.0
1.05,0.73,0.76,1.03,93.88,70.23,18.9,356.05,5,30,7,0.0
0.73,0.76,1.03,0.75,70.23,18.9,356.05,45.87,6,30,7,0.0
0.76,1.03,0.75,0.72,18.9,356.05,45.87,68.11,7,30,7,0.0
1.03,0.75,0.72,0.73,356.05,45.87,68.11,65.94,8,30,7,0.0
0.75,0.72,0.73,0.79,45.87,68.11,65.94,47.27,9,30,7,0.0
0.72,0.73,0.79,1.01,68.11,65.94,47.27,26.42,10,30,7,0.0
0.73,0.79,1.01,1.37,65.94,47.27,26.42,13.84,11,30,7,0.0
0.79,1.01,1.37,1.76,47.27,26.42,13.84,8.21,12,30,7,0.0
1.01,1.37,1.76,2.04,26.42,13.84,8.21,5.32,13,30,7,0.015
1.37,1.76,2.04,2.11,13.84,8.21,5.32,2.64,14,30,7,0.01
1.76,2.04,2.11,1.9,8.21,5.32,2.64,358.21,15,30,7,0.015
2.04,2.11,1.9,1.52,5.32,2.64,358.21,349.57,16,30,7,0.0
2.11,1.9,1.52,1.11,2.64,358.21,349.57,331.44,17,30,7,0.0
1.9,1.52,1.11,2.26,358.21,349.57,331.44,345.86,6,30,7,0.04
1.52,1.11,2.26,2.54,349.57,331.44,345.86,346.42,5,30,7,0.035
1.11,2.26,2.54,2.72,331.44,345.86,346.42,348.43,4,30,7,0.02
2.26,2.54,2.72,2.81,345.86,346.42,348.43,350.6,3,30,7,0.03
2.54,2.72,2.81,2.78,346.42,348.43,350.6,351.28,2,30,7,0.03
2.72,2.81,2.78,2.59,348.43,350.6,351.28,348.26,1,30,7,0.01
2.81,2.78,2.59,2.29,350.6,351.28,348.26,338.68,0,30,7,0.03
2.78,2.59,2.29,2.14,351.28,348.26,338.68,323.83,1,30,7,0.055
2.59,2.29,2.14,2.27,348.26,338.68,323.83,311.98,2,30,7,0.03
2.29,2.14,2.27,2.62,338.68,323.83,311.98,309.37,3,30,7,0.05
2.14,2.27,2.62,3.01,323.83,311.98,309.37,310.66,4,30,7,0.08
2.27,2.62,3.01,3.28,311.98,309.37,310.66,310.58,5,30,7,0.18
2.62,3.01,3.28,3.23,309.37,310.66,310.58,282.94,6,30,7,0.115
3.01,3.28,3.23,3.5,310.66,310.58,282.94,288.15,7,30,7,0.06
3.28,3.23,3.5,3.83,310.58,282.94,288.15,293.29,8,30,7,0.045
3.23,3.5,3.83,4.17,282.94,288.15,293.29,297.76,9,30,7,0.12
3.5,3.83,4.17,4.45,288.15,293.29,297.76,301.21,10,30,7,0.085
3.83,4.17,4.45,4.6,293.29,297.76,301.21,303.47,11,30,7,0.06
4.17,4.45,4.6,4.55,297.76,301.21,303.47,304.53,12,30,7,0.025
4.45,4.6,4.55,4.3,301.21,303.47,304.53,304.97,13,30,7,0.01
4.6,4.55,4.3,3.86,303.47,304.53,304.97,305.48,14,30,7,0.065
4.55,4.3,3.86,3.26,304.53,304.97,305.48,306.91,15,30,7,0.14
4.3,3.86,3.26,2.67,304.97,305.48,306.91,310.13,16,30,7,0.1
3.86,3.26,2.67,2.32,305.48,306.91,310.13,315.64,17,30,7,0.05
3.26,2.67,2.32,2.14,306.91,310.13,315.64,320.66,6,30,7,0.02
2.67,2.32,2.14,2.31,310.13,315.64,320.66,324.38,5,30,7,0.045
2.32,2.14,2.31,2.4,315.64,320.66,324.38,319.44,4,30,7,0.075
2.14,2.31,2.4,2.47,320.66,324.38,319.44,309.64,3,30,7,0.155
2.31,2.4,2.47,2.59,324.38,319.44,309.64,299.5,2,30,7,0.135
2.4,2.47,2.59,2.71,319.44,309.64,299.5,293.07,1,30,7,0.13
2.47,2.59,2.71,2.72,309.64,299.5,293.07,292.19,0,30,7,0.115
2.59,2.71,2.72,2.67,299.5,293.07,292.19,294.84,1,30,7,0.115
2.71,2.72,2.67,2.65,293.07,292.19,294.84,298.21,2,30,7,0.085
2.72,2.67,2.65,2.71,292.19,294.84,298.21,299.83,3,30,7,0.11
2.67,2.65,2.71,2.9,294.84,298.21,299.83,299.97,4,30,7,0.02
2.65,2.71,2.9,3.25,298.21,299.83,299.97,299.72,5,30,7,0.04
2.71,2.9,3.25,3.42,299.83,299.97,299.72,308.59,6,30,7,0.13
2.9,3.25,3.42,3.53,299.97,299.72,308.59,305.94,7,30,7,0.201
3.25,3.42,3.53,3.76,299.72,308.59,305.94,303.39,8,30,7,0.085
3.42,3.53,3.76,4.03,308.59,305.94,303.39,301.74,9,30,7,0.05
3.53,3.76,4.03,4.26,305.94,303.39,301.74,302.52,10,30,7,0.1
3.76,4.03,4.26,4.38,303.39,301.74,302.52,307.29,11,30,7,0.13
4.03,4.26,4.38,4.41,301.74,302.52,307.29,316.72,12,30,7,0.13
4.26,4.38,4.41,4.39,302.52,307.29,316.72,326.95,13,30,7,0.16
4.38,4.41,4.39,4.1,307.29,316.72,326.95,333.65,14,30,7,0.17
4.41,4.39,4.1,3.32,316.72,326.95,333.65,333.34,15,30,7,0.145
4.39,4.1,3.32,2.4,326.95,333.65,333.34,324.24,16,30,7,0.155
4.1,3.32,2.4,1.87,333.65,333.34,324.24,306.82,17,30,7,0.095
3.32,2.4,1.87,2.73,333.34,324.24,306.82,317.58,6,30,7,0.09
2.4,1.87,2.73,2.54,324.24,306.82,317.58,321.19,5,30,7,0.08
1.87,2.73,2.54,2.43,306.82,317.58,321.19,320.48,4,30,7,0.095
2.73,2.54,2.43,2.4,317.58,321.19,320.48,316.47,3,30,7,0.145
2.54,2.43,2.4,2.41,321.19,320.48,316.47,311.64,2,30,7,0.261
2.43,2.4,2.41,2.43,320.48,316.47,311.64,308.58,1,30,7,0.19
2.4,2.41,2.43,2.42,316.47,311.64,308.58,308.68,0,30,7,0.201
2.41,2.43,2.42,2.44,311.64,308.58,308.68,309.69,1,30,7,0.14
2.43,2.42,2.44,2.63,308.58,308.68,309.69,308.55,2,30,7,0.11
2.42,2.44,2.63,3.06,308.68,309.69,308.55,304.01,3,30,7,0.04
2.44,2.63,3.06,3.68,309.69,308.55,304.01,298.24,4,30,7,0.055
2.63,3.06,3.68,4.39,308.55,304.01,298.24,292.7,5,30,7,0.095
3.06,3.68,4.39,3.62,304.01,298.24,292.7,282.52,6,30,7,0.201
3.68,4.39,3.62,3.85,298.24,292.7,282.52,270.41,7,30,7,0.17
4.39,3.62,3.85,4.07,292.7,282.52,270.41,262.12,8,30,7,0.21100000000000002
3.62,3.85,4.07,4.2,282.52,270.41,262.12,256.29,9,30,7,0.17
3.85,4.07,4.2,4.18,270.41,262.12,256.29,251.69,10,30,7,0.09
4.07,4.2,4.18,4.01,262.12,256.29,251.69,247.23,11,30,7,0.05
4.2,4.18,4.01,3.68,256.29,251.69,247.23,241.97,12,30,7,0.005
4.18,4.01,3.68,3.2,251.69,247.23,241.97,235.47,13,30,7,0.0
4.01,3.68,3.2,2.58,247.23,241.97,235.47,226.91,14,30,7,0.0
3.68,3.2,2.58,1.85,241.97,235.47,226.91,213.58,15,30,7,0.005
3.2,2.58,1.85,1.26,235.47,226.91,213.58,189.49,16,30,7,0.045
2.58,1.85,1.26,1.03,226.91,213.58,189.49,156.76,17,30,7,0.075
1.85,1.26,1.03,2.08,213.58,189.49,156.76,125.02,6,30,7,0.04
1.26,1.03,2.08,1.88,189.49,156.76,125.02,121.59,5,30,7,0.01
1.03,2.08,1.88,1.91,156.76,125.02,121.59,120.63,4,30,7,0.005
2.08,1.88,1.91,2.09,125.02,121.59,120.63,121.17,3,30,7,0.0
1.88,1.91,2.09,2.25,121.59,120.63,121.17,121.12,2,30,7,0.0
1.91,2.09,2.25,2.23,120.63,121.17,121.12,118.54,1,30,7,0.005
2.09,2.25,2.23,1.95,121.17,121.12,118.54,111.01,0,30,7,0.02
2.25,2.23,1.95,1.68,121.12,118.54,111.01,98.82,1,30,7,0.025
2.23,1.95,1.68,1.66,118.54,111.01,98.82,89.8,2,30,7,0.015
1.95,1.68,1.66,1.94,111.01,98.82,89.8,92.58,3,30,7,0.0
1.68,1.66,1.94,2.41,98.82,89.8,92.58,99.59,4,30,7,0.0
1.66,1.94,2.41,2.85,89.8,92.58,99.59,104.6,5,30,7,0.0
1.94,2.41,2.85,3.78,92.58,99.59,104.6,109.76,6,30,7,0.015
2.41,2.85,3.78,3.85,99.59,104.6,109.76,114.22,7,30,7,0.03
2.85,3.78,3.85,3.58,104.6,109.76,114.22,117.21,8,30,7,0.045
3.78,3.85,3.58,3.11,109.76,114.22,117.21,119.06,9,30,7,0.045
3.85,3.58,3.11,2.65,114.22,117.21,119.06,118.14,10,30,7,0.06
3.58,3.11,2.65,2.48,117.21,119.06,118.14,111.63,11,30,7,0.09
3.11,2.65,2.48,2.79,119.06,118.14,111.63,101.35,12,30,7,0.07
2.65,2.48,2.79,3.3,118.14,111.63,101.35,93.88,13,30,7,0.125
2.48,2.79,3.3,3.51,111.63,101.35,93.88,89.96,14,30,7,0.125
2.79,3.3,3.51,3.06,101.35,93.88,89.96,88.09,15,30,7,0.135
3.3,3.51,3.06,2.25,93.88,89.96,88.09,84.99,16,30,7,0.18
3.51,3.06,2.25,1.58,89.96,88.09,84.99,73.73,17,30,7,0.105
3.06,2.25,1.58,1.86,88.09,84.99,73.73,49.88,6,30,7,0.12
2.25,1.58,1.86,2.07,84.99,73.73,49.88,41.61,5,30,7,0.05
1.58,1.86,2.07,2.22,73.73,49.88,41.61,40.41,4,30,7,0.03
1.86,2.07,2.22,2.29,49.88,41.61,40.41,42.12,3,30,7,0.0
2.07,2.22,2.29,2.27,41.61,40.41,42.12,42.64,2,30,7,0.0
2.22,2.29,2.27,2.11,40.41,42.12,42.64,37.28,1,30,7,0.025
2.29,2.27,2.11,1.96,42.12,42.64,37.28,21.03,0,30,7,0.035
2.27,2.11,1.96,2.15,42.64,37.28,21.03,1.38,1,30,7,0.0
2.11,1.96,2.15,2.7,37.28,21.03,1.38,352.82,2,30,7,0.075
1.96,2.15,2.7,3.44,21.03,1.38,352.82,356.0,3,30,7,0.266
2.15,2.7,3.44,4.23,1.38,352.82,356.0,1.94,4,30,7,0.261
2.7,3.44,4.23,4.91,352.82,356.0,1.94,5.86,5,30,7,0.371
3.44,4.23,4.91,5.85,356.0,1.94,5.86,5.77,6,30,7,0.316
4.23,4.91,5.85,6.31,1.94,5.86,5.77,6.84,7,30,7,0.221
4.91,5.85,6.31,6.43,5.86,5.77,6.84,5.8,8,30,7,0.231
5.85,6.31,6.43,6.32,5.77,6.84,5.8,3.36,9,30,7,0.266
6.31,6.43,6.32,6.17,6.84,5.8,3.36,359.92,10,30,7,0.20600000000000002
6.43,6.32,6.17,6.14,5.8,3.36,359.92,356.15,11,30,7,0.185
6.32,6.17,6.14,6.32,3.36,359.92,356.15,353.16,12,30,7,0.175
6.17,6.14,6.32,6.47,359.92,356.15,353.16,352.07,13,30,7,0.28600000000000003
6.14,6.32,6.47,6.27,356.15,353.16,352.07,353.81,14,30,7,0.09
6.32,6.47,6.27,5.55,353.16,352.07,353.81,359.74,15,30,7,0.0
6.47,6.27,5.55,4.59,352.07,353.81,359.74,10.55,16,30,7,0.0
6.27,5.55,4.59,3.73,353.81,359.74,10.55,25.93,17,30,7,0.0
5.55,4.59,3.73,3.36,359.74,10.55,25.93,46.52,6,30,7,0.015
4.59,3.73,3.36,3.9,10.55,25.93,46.52,54.74,5,30,7,0.045
3.73,3.36,3.9,4.29,25.93,46.52,54.74,60.51,4,30,7,0.055
3.36,3.9,4.29,4.53,46.52,54.74,60.51,64.69,3,30,7,0.13
3.9,4.29,4.53,4.59,54.74,60.51,64.69,67.55,2,30,7,0.18
4.29,4.53,4.59,4.44,60.51,64.69,67.55,69.08,1,30,7,0.19
4.53,4.59,4.44,4.08,64.69,67.55,69.08,68.86,0,30,7,0.18
4.59,4.44,4.08,3.67,67.55,69.08,68.86,65.68,1,30,7,0.311
4.44,4.08,3.67,3.42,69.08,68.86,65.68,57.96,2,30,7,0.261
4.08,3.67,3.42,3.54,68.86,65.68,57.96,46.91,3,30,7,0.15
3.67,3.42,3.54,3.99,65.68,57.96,46.91,38.6,4,30,7,0.13
3.42,3.54,3.99,4.54,57.96,46.91,38.6,36.31,5,30,7,0.08
3.54,3.99,4.54,4.94,46.91,38.6,36.31,36.02,6,30,7,0.065
3.99,4.54,4.94,5.44,38.6,36.31,36.02,38.39,7,30,7,0.08
4.54,4.94,5.44,5.82,36.31,36.02,38.39,42.59,8,30,7,0.07
4.94,5.44,5.82,6.11,36.02,38.39,42.59,47.69,9,30,7,0.145
5.44,5.82,6.11,6.31,38.39,42.59,47.69,53.01,10,30,7,0.165
5.82,6.11,6.31,6.4,42.59,47.69,53.01,58.02,11,30,7,0.195
6.11,6.31,6.4,6.35,47.69,53.01,58.02,62.32,12,30,7,0.185
6.31,6.4,6.35,6.1,53.01,58.02,62.32,65.69,13,30,7,0.17
6.4,6.35,6.1,5.58,58.02,62.32,65.69,67.83,14,30,7,0.17
6.35,6.1,5.58,4.8,62.32,65.69,67.83,68.31,15,30,7,0.135
6.1,5.58,4.8,3.91,65.69,67.83,68.31,67.05,16,30,7,0.055
5.58,4.8,3.91,3.15,67.83,68.31,67.05,64.08,17,30,7,0.04
4.8,3.91,3.15,4.13,68.31,67.05,64.08,55.2,6,31,7,0.025
3.91,3.15,4.13,3.84,67.05,64.08,55.2,57.94,5,31,7,0.005
3.15,4.13,3.84,3.56,64.08,55.2,57.94,61.25,4,31,7,0.015
4.13,3.84,3.56,3.33,55.2,57.94,61.25,65.21,3,31,7,0.025
3.84,3.56,3.33,3.2,57.94,61.25,65.21,69.75,2,31,7,0.055
3.56,3.33,3.2,3.25,61.25,65.21,69.75,74.4,1,31,7,0.06
3.33,3.2,3.25,3.51,65.21,69.75,74.4,78.32,0,31,7,0.07
3.2,3.25,3.51,3.9,69.75,74.4,78.32,80.8,1,31,7,0.06
3.25,3.51,3.9,4.34,74.4,78.32,80.8,81.79,2,31,7,0.09
3.51,3.9,4.34,4.77,78.32,80.8,81.79,81.63,3,31,7,0.135
3.9,4.34,4.77,5.19,80.8,81.79,81.63,81.1,4,31,7,0.095
4.34,4.77,5.19,5.66,81.79,81.63,81.1,80.9,5,31,7,0.105
4.77,5.19,5.66,5.57,81.63,81.1,80.9,78.12,6,31,7,0.1
5.19,5.66,5.57,6.15,81.1,80.9,78.12,80.12,7,31,7,0.16
5.66,5.57,6.15,6.46,80.9,78.12,80.12,83.43,8,31,7,0.281
5.57,6.15,6.46,6.58,78.12,80.12,83.43,87.24,9,31,7,0.316
6.15,6.46,6.58,6.61,80.12,83.43,87.24,90.2,10,31,7,0.271
6.46,6.58,6.61,6.65,83.43,87.24,90.2,90.65,11,31,7,0.321
6.58,6.61,6.65,6.73,87.24,90.2,90.65,87.63,12,31,7,0.251
6.61,6.65,6.73,6.66,90.2,90.65,87.63,83.05,13,31,7,0.23600000000000002
6.65,6.73,6.66,6.17,90.65,87.63,83.05,78.89,14,31,7,0.311
6.73,6.66,6.17,5.03,87.63,83.05,78.89,76.1,15,31,7,0.381
6.66,6.17,5.03,3.63,83.05,78.89,76.1,72.94,16,31,7,0.361
6.17,5.03,3.63,2.51,78.89,76.1,72.94,65.22,17,31,7,0.301
5.03,3.63,2.51,3.07,76.1,72.94,65.22,58.5,6,31,7,0.201
3.63,2.51,3.07,2.92,72.94,65.22,58.5,52.27,5,31,7,0.145
2.51,3.07,2.92,2.85,65.22,58.5,52.27,47.21,4,31,7,0.145
3.07,2.92,2.85,2.84,58.5,52.27,47.21,43.52,3,31,7,0.105
2.92,2.85,2.84,2.84,52.27,47.21,43.52,41.36,2,31,7,0.21100000000000002
2.85,2.84,2.84,2.81,47.21,43.52,41.36,40.74,1,31,7,0.175
2.84,2.84,2.81,2.73,43.52,41.36,40.74,41.4,0,31,7,0.175
2.84,2.81,2.73,2.7,41.36,40.74,41.4,41.84,1,31,7,0.276
2.81,2.73,2.7,2.86,40.74,41.4,41.84,40.2,2,31,7,0.311
2.73,2.7,2.86,3.31,41.4,41.84,40.2,36.34,3,31,7,0.29600000000000004
2.7,2.86,3.31,4.07,41.84,40.2,36.34,33.37,4,31,7,0.29600000000000004
2.86,3.31,4.07,5.06,40.2,36.34,33.37,32.99,5,31,7,0.21600000000000003
3.31,4.07,5.06,6.38,36.34,33.37,32.99,40.01,6,31,7,0.256
4.07,5.06,6.38,7.43,33.37,32.99,40.01,43.46,7,31,7,0.29100000000000004
5.06,6.38,7.43,8.08,32.99,40.01,43.46,45.1,8,31,7,0.326
6.38,7.43,8.08,8.39,40.01,43.46,45.1,45.88,9,31,7,0.451
7.43,8.08,8.39,8.52,43.46,45.1,45.88,46.57,10,31,7,0.762
8.08,8.39,8.52,8.66,45.1,45.88,46.57,47.77,11,31,7,0.797
8.39,8.52,8.66,8.9,45.88,46.57,47.77,49.72,12,31,7,0.8270000000000001
8.52,8.66,8.9,8.98,46.57,47.77,49.72,51.56,13,31,7,0.757
8.66,8.9,8.98,8.52,47.77,49.72,51.56,52.44,14,31,7,0.777
8.9,8.98,8.52,7.3,49.72,51.56,52.44,51.6,15,31,7,0.5660000000000001
8.98,8.52,7.3,5.74,51.56,52.44,51.6,49.08,16,31,7,0.486
8.52,7.3,5.74,4.41,52.44,51.6,49.08,45.75,17,31,7,0.381
7.3,5.74,4.41,4.74,51.6,49.08,45.75,37.94,6,31,7,0.306
5.74,4.41,4.74,4.24,49.08,45.75,37.94,38.28,5,31,7,0.386
4.41,4.74,4.24,3.92,45.75,37.94,38.28,42.36,4,31,7,0.135
4.74,4.24,3.92,3.76,37.94,38.28,42.36,48.99,3,31,7,0.251
4.24,3.92,3.76,3.65,38.28,42.36,48.99,55.6,2,31,7,0.311
3.92,3.76,3.65,3.43,42.36,48.99,55.6,59.89,1,31,7,0.35100000000000003
3.76,3.65,3.43,2.95,48.99,55.6,59.89,60.44,0,31,7,0.261
3.65,3.43,2.95,2.4,55.6,59.89,60.44,58.32,1,31,7,0.11
3.43,2.95,2.4,2.05,59.89,60.44,58.32,56.9,2,31,7,0.085
2.95,2.4,2.05,2.06,60.44,58.32,56.9,60.84,3,31,7,0.175
2.4,2.05,2.06,2.33,58.32,56.9,60.84,67.47,4,31,7,0.21600000000000003
2.05,2.06,2.33,2.66,56.9,60.84,67.47,73.38,5,31,7,0.185
2.06,2.33,2.66,2.32,60.84,67.47,73.38,101.3,6,31,7,0.256
2.33,2.66,2.32,2.61,67.47,73.38,101.3,105.65,7,31,7,0.09
2.66,2.32,2.61,3.1,73.38,101.3,105.65,99.03,8,31,7,0.04
2.32,2.61,3.1,3.76,101.3,105.65,99.03,90.41,9,31,7,0.005
2.61,3.1,3.76,4.41,105.65,99.03,90.41,85.75,10,31,7,0.0
3.1,3.76,4.41,4.74,99.03,90.41,85.75,87.64,11,31,7,0.0
3.76,4.41,4.74,4.66,90.41,85.75,87.64,97.93,12,31,7,0.005
4.41,4.74,4.66,4.47,85.75,87.64,97.93,113.59,13,31,7,0.035
4.74,4.66,4.47,4.25,87.64,97.93,113.59,129.22,14,31,7,0.045
4.66,4.47,4.25,3.75,97.93,113.59,129.22,141.4,15,31,7,0.075
4.47,4.25,3.75,3.09,113.59,129.22,141.4,151.44,16,31,7,0.105
4.25,3.75,3.09,2.59,129.22,141.4,151.44,157.87,17,31,7,0.14
3.75,3.09,2.59,3.14,141.4,151.44,157.87,153.33,6,31,7,0.07
3.09,2.59,3.14,3.09,151.44,157.87,153.33,149.67,5,31,7,0.065
2.59,3.14,3.09,2.89,157.87,153.33,149.67,138.93,4,31,7,0.005
3.14,3.09,2.89,2.77,153.33,149.67,138.93,122.59,3,31,7,0.0
3.09,2.89,2.77,2.89,149.67,138.93,122.59,107.11,2,31,7,0.015
2.89,2.77,2.89,3.09,138.93,122.59,107.11,99.44,1,31,7,0.065
2.77,2.89,3.09,3.17,122.59,107.11,99.44,101.21,0,31,7,0.065
2.89,3.09,3.17,3.13,107.11,99.44,101.21,106.73,1,31,7,0.095
3.09,3.17,3.13,2.94,99.44,101.21,106.73,109.28,2,31,7,0.08
3.17,3.13,2.94,2.6,101.21,106.73,109.28,102.64,3,31,7,0.055
3.13,2.94,2.6,2.36,106.73,109.28,102.64,88.3,4,31,7,0.01
2.94,2.6,2.36,2.4,109.28,102.64,88.3,76.03,5,31,7,0.0
2.6,2.36,2.4,2.25,102.64,88.3,76.03,73.74,6,31,7,0.0
2.36,2.4,2.25,2.6,88.3,76.03,73.74,76.47,7,31,7,0.0
2.4,2.25,2.6,2.94,76.03,73.74,76.47,77.97,8,31,7,0.0
2.25,2.6,2.94,3.24,73.74,76.47,77.97,78.54,9,31,7,0.05
2.6,2.94,3.24,3.5,76.47,77.97,78.54,77.63,10,31,7,0.08
2.94,3.24,3.5,3.74,77.97,78.54,77.63,74.66,11,31,7,0.18
3.24,3.5,3.74,3.95,78.54,77.63,74.66,69.8,12,31,7,0.185
3.5,3.74,3.95,4.03,77.63,74.66,69.8,65.64,13,31,7,0.155
3.74,3.95,4.03,3.82,74.66,69.8,65.64,64.8,14,31,7,0.15
3.95,4.03,3.82,3.22,69.8,65.64,64.8,69.96,15,31,7,0.095
4.03,3.82,3.22,2.57,65.64,64.8,69.96,80.4,16,31,7,0.06
3.82,3.22,2.57,2.16,64.8,69.96,80.4,88.81,17,31,7,0.04
3.22,2.57,2.16,2.23,69.96,80.4,88.81,96.31,6,31,7,0.045
2.57,2.16,2.23,2.09,80.4,88.81,96.31,93.51,5,31,7,0.015
2.16,2.23,2.09,2.04,88.81,96.31,93.51,85.88,4,31,7,0.0
2.23,2.09,2.04,2.11,96.31,93.51,85.88,75.88,3,31,7,0.0
2.09,2.04,2.11,2.28,93.51,85.88,75.88,67.07,2,31,7,0.0
2.04,2.11,2.28,2.47,85.88,75.88,67.07,61.62,1,31,7,0.0
2.11,2.28,2.47,2.6,75.88,67.07,61.62,59.72,0,31,7,0.0
2.28,2.47,2.6,2.66,67.07,61.62,59.72,59.16,1,31,7,0.0
2.47,2.6,2.66,2.67,61.62,59.72,59.16,57.69,2,31,7,0.02
2.6,2.66,2.67,2.68,59.72,59.16,57.69,54.08,3,31,7,0.165
2.66,2.67,2.68,2.8,59.16,57.69,54.08,51.1,4,31,7,0.18
2.67,2.68,2.8,3.09,57.69,54.08,51.1,52.22,5,31,7,0.165
2.68,2.8,3.09,2.53,54.08,51.1,52.22,67.29,6,31,7,0.105
2.8,3.09,2.53,3.1,51.1,52.22,67.29,72.98,7,31,7,0.045
3.09,2.53,3.1,3.78,52.22,67.29,72.98,77.13,8,31,7,0.0
2.53,3.1,3.78,4.44,67.29,72.98,77.13,80.58,9,31,7,0.035
3.1,3.78,4.44,4.99,72.98,77.13,80.58,84.89,10,31,7,0.095
3.78,4.44,4.99,5.32,77.13,80.58,84.89,91.63,11,31,7,0.14
4.44,4.99,5.32,5.44,80.58,84.89,91.63,101.73,12,31,7,0.185
4.99,5.32,5.44,5.42,84.89,91.63,101.73,112.84,13,31,7,0.24600000000000002
5.32,5.44,5.42,5.08,91.63,101.73,112.84,122.42,14,31,7,0.266
5.44,5.42,5.08,4.24,101.73,112.84,122.42,129.31,15,31,7,0.261
5.42,5.08,4.24,3.17,112.84,122.42,129.31,133.94,16,31,7,0.256
5.08,4.24,3.17,2.32,122.42,129.31,133.94,133.66,17,31,7,0.21100000000000002
4.24,3.17,2.32,3.75,129.31,133.94,133.66,130.26,6,31,8,0.15
3.17,2.32,3.75,3.26,133.94,133.66,130.26,120.89,5,31,8,0.065
2.32,3.75,3.26,2.71,133.66,130.26,120.89,106.29,4,31,8,0.04
3.75,3.26,2.71,2.33,130.26,120.89,106.29,84.53,3,31,8,0.085
3.26,2.71,2.33,2.35,120.89,106.29,84.53,61.78,2,31,8,0.015
2.71,2.33,2.35,2.63,106.29,84.53,61.78,48.65,1,31,8,0.0
2.33,2.35,2.63,2.9,84.53,61.78,48.65,46.35,0,31,8,0.0
2.35,2.63,2.9,3.07,61.78,48.65,46.35,47.77,1,31,8,0.0
2.63,2.9,3.07,3.16,48.65,46.35,47.77,46.57,2,31,8,0.02
2.9,3.07,3.16,3.22,46.35,47.77,46.57,39.01,3,31,8,0.09
3.07,3.16,3.22,3.51,47.77,46.57,39.01,29.54,4,31,8,0.155
3.16,3.22,3.51,4.15,46.57,39.01,29.54,24.88,5,31,8,0.311
3.22,3.51,4.15,5.43,39.01,29.54,24.88,37.37,6,31,8,0.281
3.51,4.15,5.43,6.24,29.54,24.88,37.37,42.49,7,31,8,0.14
4.15,5.43,6.24,6.52,24.88,37.37,42.49,44.92,8,31,8,0.21600000000000003
5.43,6.24,6.52,6.42,37.37,42.49,44.92,45.67,9,31,8,0.311
6.24,6.52,6.42,6.21,42.49,44.92,45.67,44.33,10,31,8,0.35100000000000003
6.52,6.42,6.21,6.22,44.92,45.67,44.33,40.18,11,31,8,0.28600000000000003
6.42,6.21,6.22,6.67,45.67,44.33,40.18,34.04,12,31,8,0.28600000000000003
6.21,6.22,6.67,7.17,44.33,40.18,34.04,28.74,13,31,8,0.326
6.22,6.67,7.17,7.09,40.18,34.04,28.74,25.54,14,31,8,0.41600000000000004
6.67,7.17,7.09,6.0,34.04,28.74,25.54,24.8,15,31,8,0.556
7.17,7.09,6.0,4.42,28.74,25.54,24.8,27.1,16,31,8,0.622
7.09,6.0,4.42,3.14,25.54,24.8,27.1,34.69,17,31,8,0.491
6.0,4.42,3.14,3.81,24.8,27.1,34.69,35.13,6,31,8,0.311
4.42,3.14,3.81,3.47,27.1,34.69,35.13,38.5,5,31,8,0.276
3.14,3.81,3.47,3.27,34.69,35.13,38.5,39.95,4,31,8,0.331
3.81,3.47,3.27,3.18,35.13,38.5,39.95,39.92,3,31,8,0.376
3.47,3.27,3.18,3.13,38.5,39.95,39.92,39.23,2,31,8,0.34600000000000003
3.27,3.18,3.13,3.05,39.95,39.92,39.23,38.83,1,31,8,0.20600000000000002
3.18,3.13,3.05,2.91,39.92,39.23,38.83,39.81,0,31,8,0.075
3.13,3.05,2.91,2.85,39.23,38.83,39.81,43.41,1,31,8,0.045
3.05,2.91,2.85,3.03,38.83,39.81,43.41,50.1,2,31,8,0.15
2.91,2.85,3.03,3.59,39.81,43.41,50.1,57.71,3,31,8,0.19
2.85,3.03,3.59,4.31,43.41,50.1,57.71,63.5,4,31,8,0.21600000000000003
3.03,3.59,4.31,4.85,50.1,57.71,63.5,67.49,5,31,8,0.17
3.59,4.31,4.85,4.34,57.71,63.5,67.49,89.87,6,31,8,0.05
4.31,4.85,4.34,4.6,63.5,67.49,89.87,95.79,7,31,8,0.035
4.85,4.34,4.6,5.0,67.49,89.87,95.79,98.51,8,31,8,0.085
4.34,4.6,5.0,5.45,89.87,95.79,98.51,99.23,9,31,8,0.09
4.6,5.0,5.45,5.91,95.79,98.51,99.23,99.35,10,31,8,0.15
5.0,5.45,5.91,6.37,98.51,99.23,99.35,99.92,11,31,8,0.34600000000000003
5.45,5.91,6.37,6.77,99.23,99.35,99.92,101.44,12,31,8,0.456
5.91,6.37,6.77,6.88,99.35,99.92,101.44,103.32,13,31,8,0.551
6.37,6.77,6.88,6.4,99.92,101.44,103.32,105.05,14,31,8,0.586
6.77,6.88,6.4,5.2,101.44,103.32,105.05,106.31,15,31,8,0.602
6.88,6.4,5.2,3.69,103.32,105.05,106.31,105.89,16,31,8,0.607
6.4,5.2,3.69,2.46,105.05,106.31,105.89,98.93,17,31,8,0.486
5.2,3.69,2.46,3.8,106.31,105.89,98.93,90.8,6,32,8,0.29600000000000004
3.69,2.46,3.8,3.46,105.89,98.93,90.8,84.2,5,32,8,0.15
2.46,3.8,3.46,3.21,98.93,90.8,84.2,77.15,4,32,8,0.12
3.8,3.46,3.21,3.06,90.8,84.2,77.15,70.2,3,32,8,0.231
3.46,3.21,3.06,2.99,84.2,77.15,70.2,64.37,2,32,8,0.361
3.21,3.06,2.99,2.99,77.15,70.2,64.37,60.74,1,32,8,0.376
3.06,2.99,2.99,3.05,70.2,64.37,60.74,59.65,0,32,8,0.41600000000000004
2.99,2.99,3.05,3.16,64.37,60.74,59.65,59.45,1,32,8,0.281
2.99,3.05,3.16,3.34,60.74,59.65,59.45,58.14,2,32,8,0.155
3.05,3.16,3.34,3.61,59.65,59.45,58.14,54.45,3,32,8,0.14
3.16,3.34,3.61,3.95,59.45,58.14,54.45,48.57,4,32,8,0.21100000000000002
3.34,3.61,3.95,4.36,58.14,54.45,48.57,40.9,5,32,8,0.19
3.61,3.95,4.36,4.57,54.45,48.57,40.9,38.34,6,32,8,0.11
3.95,4.36,4.57,5.18,48.57,40.9,38.34,31.91,7,32,8,0.09
4.36,4.57,5.18,5.84,40.9,38.34,31.91,25.52,8,32,8,0.13
4.57,5.18,5.84,6.53,38.34,31.91,25.52,20.27,9,32,8,0.301
5.18,5.84,6.53,7.17,31.91,25.52,20.27,17.39,10,32,8,0.441
5.84,6.53,7.17,7.7,25.52,20.27,17.39,17.85,11,32,8,0.501
6.53,7.17,7.7,8.05,20.27,17.39,17.85,21.82,12,32,8,0.602
7.17,7.7,8.05,8.13,17.39,17.85,21.82,26.94,13,32,8,0.782
7.7,8.05,8.13,7.72,17.85,21.82,26.94,30.9,14,32,8,0.7120000000000001
8.05,8.13,7.72,6.65,21.82,26.94,30.9,32.05,15,32,8,0.637
8.13,7.72,6.65,5.34,26.94,30.9,32.05,30.84,16,32,8,0.777
7.72,6.65,5.34,4.34,30.9,32.05,30.84,28.89,17,32,8,0.727
6.65,5.34,4.34,5.51,32.05,30.84,28.89,34.05,6,32,8,0.667
5.34,4.34,5.51,5.02,30.84,28.89,34.05,37.58,5,32,8,0.722
4.34,5.51,5.02,4.77,28.89,34.05,37.58,40.21,4,32,8,0.7070000000000001
5.51,5.02,4.77,4.69,34.05,37.58,40.21,41.8,3,32,8,0.541
5.02,4.77,4.69,4.66,37.58,40.21,41.8,42.82,2,32,8,0.516
4.77,4.69,4.66,4.56,40.21,41.8,42.82,43.97,1,32,8,0.687
4.69,4.66,4.56,4.34,41.8,42.82,43.97,45.8,0,32,8,0.586
4.66,4.56,4.34,4.14,42.82,43.97,45.8,47.41,1,32,8,0.551
4.56,4.34,4.14,4.15,43.97,45.8,47.41,47.11,2,32,8,0.541
4.34,4.14,4.15,4.5,45.8,47.41,47.11,44.37,3,32,8,0.451
4.14,4.15,4.5,5.09,47.41,47.11,44.37,42.26,4,32,8,0.331
4.15,4.5,5.09,5.77,47.11,44.37,42.26,43.23,5,32,8,0.306
4.5,5.09,5.77,6.64,44.37,42.26,43.23,55.56,6,32,8,0.306
5.09,5.77,6.64,7.12,42.26,43.23,55.56,58.74,7,32,8,0.271
5.77,6.64,7.12,7.19,43.23,55.56,58.74,60.74,8,32,8,0.261
6.64,7.12,7.19,6.96,55.56,58.74,60.74,62.39,9,32,8,0.271
7.12,7.19,6.96,6.68,58.74,60.74,62.39,64.47,10,32,8,0.24100000000000002
7.19,6.96,6.68,6.61,60.74,62.39,64.47,67.62,11,32,8,0.35600000000000004
6.96,6.68,6.61,6.92,62.39,64.47,67.62,71.8,12,32,8,0.316
6.68,6.61,6.92,7.27,64.47,67.62,71.8,76.38,13,32,8,0.461
6.61,6.92,7.27,7.17,67.62,71.8,76.38,81.72,14,32,8,0.551
6.92,7.27,7.17,6.35,71.8,76.38,81.72,89.42,15,32,8,0.47600000000000003
7.27,7.17,6.35,5.24,76.38,81.72,89.42,100.71,16,32,8,0.596
7.17,6.35,5.24,4.35,81.72,89.42,100.71,114.37,17,32,8,0.306
6.35,5.24,4.35,4.85,89.42,100.71,114.37,127.52,6,32,8,0.42100000000000004
5.24,4.35,4.85,5.1,100.71,114.37,127.52,133.12,5,32,8,0.29100000000000004
4.35,4.85,5.1,5.11,114.37,127.52,133.12,133.74,4,32,8,0.20600000000000002
4.85,5.1,5.11,4.94,127.52,133.12,133.74,131.05,3,32,8,0.281
5.1,5.11,4.94,4.63,133.12,133.74,131.05,126.76,2,32,8,0.281
5.11,4.94,4.63,4.22,133.74,131.05,126.76,122.95,1,32,8,0.461
4.94,4.63,4.22,3.72,131.05,126.76,122.95,121.55,0,32,8,0.451
4.63,4.22,3.72,3.28,126.76,122.95,121.55,121.07,1,32,8,0.34600000000000003
4.22,3.72,3.28,3.11,122.95,121.55,121.07,118.1,2,32,8,0.18
3.72,3.28,3.11,3.38,121.55,121.07,118.1,111.45,3,32,8,0.14
3.28,3.11,3.38,3.97,121.07,118.1,111.45,107.16,4,32,8,0.105
3.11,3.38,3.97,4.58,118.1,111.45,107.16,108.77,5,32,8,0.105
3.38,3.97,4.58,5.09,111.45,107.16,108.77,121.36,6,32,8,0.165
3.97,4.58,5.09,5.66,107.16,108.77,121.36,124.61,7,32,8,0.105
4.58,5.09,5.66,5.93,108.77,121.36,124.61,122.68,8,32,8,0.185
5.09,5.66,5.93,6.01,121.36,124.61,122.68,117.94,9,32,8,0.24600000000000002
5.66,5.93,6.01,6.06,124.61,122.68,117.94,112.75,10,32,8,0.256
5.93,6.01,6.06,6.21,122.68,117.94,112.75,109.87,11,32,8,0.306
6.01,6.06,6.21,6.45,117.94,112.75,109.87,111.06,12,32,8,0.396
6.06,6.21,6.45,6.51,112.75,109.87,111.06,114.45,13,32,8,0.316
6.21,6.45,6.51,6.07,109.87,111.06,114.45,118.2,14,32,8,0.316
6.45,6.51,6.07,4.9,111.06,114.45,118.2,121.57,15,32,8,0.336
6.51,6.07,4.9,3.47,114.45,118.2,121.57,125.06,16,32,8,0.311
6.07,4.9,3.47,2.41,118.2,121.57,125.06,127.69,17,32,8,0.29100000000000004
4.9,3.47,2.41,3.23,121.57,125.06,127.69,122.3,6,32,8,0.13
3.47,2.41,3.23,3.01,125.06,127.69,122.3,118.25,5,32,8,0.11
2.41,3.23,3.01,2.86,127.69,122.3,118.25,108.67,4,32,8,0.085
3.23,3.01,2.86,2.88,122.3,118.25,108.67,96.39,3,32,8,0.065
3.01,2.86,2.88,2.98,118.25,108.67,96.39,86.29,2,32,8,0.02
2.86,2.88,2.98,2.97,108.67,96.39,86.29,81.57,1,32,8,0.02
2.88,2.98,2.97,2.69,96.39,86.29,81.57,83.79,0,32,8,0.085
2.98,2.97,2.69,2.41,86.29,81.57,83.79,91.58,1,32,8,0.12
2.97,2.69,2.41,2.46,81.57,83.79,91.58,99.15,2,32,8,0.135
2.69,2.41,2.46,2.97,83.79,91.58,99.15,100.09,3,32,8,0.20600000000000002
2.41,2.46,2.97,3.75,91.58,99.15,100.09,99.56,4,32,8,0.20600000000000002
2.46,2.97,3.75,4.55,99.15,100.09,99.56,102.05,5,32,8,0.145
2.97,3.75,4.55,4.91,100.09,99.56,102.05,115.84,6,32,8,0.07
3.75,4.55,4.91,5.2,99.56,102.05,115.84,120.42,7,32,8,0.05
4.55,4.91,5.2,5.42,102.05,115.84,120.42,124.0,8,32,8,0.16
4.91,5.2,5.42,5.58,115.84,120.42,124.0,126.64,9,32,8,0.185
5.2,5.42,5.58,5.69,120.42,124.0,126.64,127.99,10,32,8,0.185
5.42,5.58,5.69,5.81,124.0,126.64,127.99,127.54,11,32,8,0.16
5.58,5.69,5.81,5.94,126.64,127.99,127.54,125.22,12,32,8,0.17
5.69,5.81,5.94,5.91,127.99,127.54,125.22,122.4,13,32,8,0.175
5.81,5.94,5.91,5.45,127.54,125.22,122.4,120.44,14,32,8,0.19
5.94,5.91,5.45,4.42,125.22,122.4,120.44,120.31,15,32,8,0.256
5.91,5.45,4.42,3.22,122.4,120.44,120.31,120.95,16,32,8,0.35100000000000003
5.45,4.42,3.22,2.35,120.44,120.31,120.95,118.33,17,32,8,0.336
4.42,3.22,2.35,3.21,120.31,120.95,118.33,112.45,6,32,8,0.231
3.22,2.35,3.21,3.06,120.95,118.33,112.45,108.35,5,32,8,0.18
2.35,3.21,3.06,3.0,118.33,112.45,108.35,106.17,4,32,8,0.226
3.21,3.06,3.0,2.99,112.45,108.35,106.17,105.73,3,32,8,0.231
3.06,3.0,2.99,2.98,108.35,106.17,105.73,106.14,2,32,8,0.256
3.0,2.99,2.98,2.93,106.17,105.73,106.14,106.4,1,32,8,0.35600000000000004
2.99,2.98,2.93,2.82,105.73,106.14,106.4,105.98,0,32,8,0.386
2.98,2.93,2.82,2.73,106.14,106.4,105.98,106.68,1,32,8,0.306
2.93,2.82,2.73,2.76,106.4,105.98,106.68,110.97,2,32,8,0.341
2.82,2.73,2.76,3.01,105.98,106.68,110.97,119.31,3,32,8,0.251
2.73,2.76,3.01,3.4,106.68,110.97,119.31,128.4,4,32,8,0.195
2.76,3.01,3.4,3.75,110.97,119.31,128.4,136.61,5,32,8,0.17
3.01,3.4,3.75,4.28,119.31,128.4,136.61,160.85,6,32,8,0.085
3.4,3.75,4.28,4.11,128.4,136.61,160.85,165.85,7,32,8,0.025
3.75,4.28,4.11,3.72,136.61,160.85,165.85,165.7,8,32,8,0.005
4.28,4.11,3.72,3.21,160.85,165.85,165.7,160.58,9,32,8,0.025
4.11,3.72,3.21,2.77,165.85,165.7,160.58,150.05,10,32,8,0.005
3.72,3.21,2.77,2.59,165.7,160.58,150.05,136.13,11,32,8,0.0
3.21,2.77,2.59,2.72,160.58,150.05,136.13,124.86,12,32,8,0.0
2.77,2.59,2.72,2.93,150.05,136.13,124.86,119.36,13,32,8,0.0
2.59,2.72,2.93,3.01,136.13,124.86,119.36,119.18,14,32,8,0.0
2.72,2.93,3.01,2.83,124.86,119.36,119.18,124.08,15,32,8,0.0
2.93,3.01,2.83,2.47,119.36,119.18,124.08,134.13,16,32,8,0.035
3.01,2.83,2.47,2.03,119.18,124.08,134.13,150.65,17,32,8,0.045
2.83,2.47,2.03,2.16,124.08,134.13,150.65,158.73,6,32,8,0.01
2.47,2.03,2.16,1.59,134.13,150.65,158.73,160.64,5,32,8,0.0
2.03,2.16,1.59,1.16,150.65,158.73,160.64,160.01,4,32,8,0.0
2.16,1.59,1.16,0.81,158.73,160.64,160.01,154.81,3,32,8,0.0
1.59,1.16,0.81,0.52,160.64,160.01,154.81,144.22,2,32,8,0.0
1.16,0.81,0.52,0.26,160.01,154.81,144.22,127.18,1,32,8,0.0
0.81,0.52,0.26,0.11,154.81,144.22,127.18,359.69,0,32,8,0.0
0.52,0.26,0.11,0.51,144.22,127.18,359.69,336.26,1,32,8,0.0
0.26,0.11,0.51,1.1,127.18,359.69,336.26,345.56,2,32,8,0.0
0.11,0.51,1.1,1.94,359.69,336.26,345.56,356.58,3,32,8,0.0
0.51,1.1,1.94,2.85,336.26,345.56,356.58,2.88,4,32,8,0.0
1.1,1.94,2.85,3.49,345.56,356.58,2.88,5.4,5,32,8,0.04
1.94,2.85,3.49,2.81,356.58,2.88,5.4,337.5,6,32,8,0.125
2.85,3.49,2.81,3.01,2.88,5.4,337.5,340.8,7,32,8,0.135
3.49,2.81,3.01,3.34,5.4,337.5,340.8,350.1,8,32,8,0.085
2.81,3.01,3.34,3.87,337.5,340.8,350.1,0.32,9,32,8,0.08
3.01,3.34,3.87,4.59,340.8,350.1,0.32,7.6,10,32,8,0.19
3.34,3.87,4.59,5.39,350.1,0.32,7.6,10.53,11,32,8,0.261
3.87,4.59,5.39,6.14,0.32,7.6,10.53,9.4,12,32,8,0.29100000000000004
4.59,5.39,6.14,6.65,7.6,10.53,9.4,5.97,13,32,8,0.326
5.39,6.14,6.65,6.7,10.53,9.4,5.97,1.1,14,32,8,0.436
6.14,6.65,6.7,6.22,9.4,5.97,1.1,354.48,15,32,8,0.331
6.65,6.7,6.22,5.53,5.97,1.1,354.48,345.8,16,32,8,0.17
6.7,6.22,5.53,5.01,1.1,354.48,345.8,336.52,17,32,8,0.21600000000000003
6.22,5.53,5.01,4.29,354.48,345.8,336.52,338.94,6,32,8,0.231
5.53,5.01,4.29,4.35,345.8,336.52,338.94,338.31,5,32,8,0.21600000000000003
5.01,4.29,4.35,4.22,336.52,338.94,338.31,339.4,4,32,8,0.251
4.29,4.35,4.22,3.95,338.94,338.31,339.4,341.97,3,32,8,0.24600000000000002
4.35,4.22,3.95,3.54,338.31,339.4,341.97,345.73,2,32,8,0.21600000000000003
4.22,3.95,3.54,2.97,339.4,341.97,345.73,350.58,1,32,8,0.13
3.95,3.54,2.97,2.26,341.97,345.73,350.58,357.27,0,32,8,0.1
3.54,2.97,2.26,1.66,345.73,350.58,357.27,8.62,1,32,8,0.11
2.97,2.26,1.66,1.47,350.58,357.27,8.62,23.4,2,32,8,0.055
2.26,1.66,1.47,1.78,357.27,8.62,23.4,30.74,3,32,8,0.055
1.66,1.47,1.78,2.37,8.62,23.4,30.74,34.08,4,32,8,0.055
1.47,1.78,2.37,3.05,23.4,30.74,34.08,40.15,5,32,8,0.03
1.78,2.37,3.05,4.97,30.74,34.08,40.15,76.57,6,32,8,0.06
2.37,3.05,4.97,5.81,34.08,40.15,76.57,78.91,7,32,8,0.13
3.05,4.97,5.81,5.98,40.15,76.57,78.91,78.93,8,32,8,0.155
4.97,5.81,5.98,5.71,76.57,78.91,78.93,77.66,9,32,8,0.201
5.81,5.98,5.71,5.34,78.91,78.93,77.66,76.09,10,32,8,0.11
5.98,5.71,5.34,5.26,78.93,77.66,76.09,75.8,11,32,8,0.35600000000000004
5.71,5.34,5.26,5.68,77.66,76.09,75.8,77.71,12,32,8,0.627
5.34,5.26,5.68,6.3,76.09,75.8,77.71,79.68,13,32,8,0.511
5.26,5.68,6.3,6.67,75.8,77.71,79.68,79.93,14,32,8,0.586
5.68,6.3,6.67,6.48,77.71,79.68,79.93,77.65,15,32,8,0.366
6.3,6.67,6.48,6.01,79.68,79.93,77.65,74.17,16,32,8,0.12
6.67,6.48,6.01,5.63,79.93,77.65,74.17,72.17,17,32,8,0.125
6.48,6.01,5.63,6.13,77.65,74.17,72.17,79.26,6,33,8,0.732
6.01,5.63,6.13,6.1,74.17,72.17,79.26,82.15,5,33,8,0.21100000000000002
5.63,6.13,6.1,5.86,72.17,79.26,82.15,84.23,4,33,8,0.07
6.13,6.1,5.86,5.49,79.26,82.15,84.23,85.89,3,33,8,0.115
6.1,5.86,5.49,5.06,82.15,84.23,85.89,87.46,2,33,8,0.21100000000000002
5.86,5.49,5.06,4.68,84.23,85.89,87.46,89.25,1,33,8,0.29100000000000004
5.49,5.06,4.68,4.42,85.89,87.46,89.25,91.49,0,33,8,0.251
5.06,4.68,4.42,4.28,87.46,89.25,91.49,94.22,1,33,8,0.20600000000000002
4.68,4.42,4.28,4.26,89.25,91.49,94.22,97.37,2,33,8,0.251
4.42,4.28,4.26,4.33,91.49,94.22,97.37,100.66,3,33,8,0.1
4.28,4.26,4.33,4.37,94.22,97.37,100.66,103.3,4,33,8,0.1
4.26,4.33,4.37,4.26,97.37,100.66,103.3,104.64,5,33,8,0.195
4.33,4.37,4.26,4.18,100.66,103.3,104.64,93.91,6,33,8,0.175
4.37,4.26,4.18,4.36,103.3,104.64,93.91,97.01,7,33,8,0.045
4.26,4.18,4.36,4.37,104.64,93.91,97.01,99.72,8,33,8,0.065
4.18,4.36,4.37,4.26,93.91,97.01,99.72,102.33,9,33,8,0.07
4.36,4.37,4.26,4.11,97.01,99.72,102.33,104.92,10,33,8,0.09
4.37,4.26,4.11,3.98,99.72,102.33,104.92,107.38,11,33,8,0.12
4.26,4.11,3.98,3.93,102.33,104.92,107.38,109.51,12,33,8,0.13
4.11,3.98,3.93,3.87,104.92,107.38,109.51,111.57,13,33,8,0.15
3.98,3.93,3.87,3.7,107.38,109.51,111.57,114.18,14,33,8,0.21100000000000002
3.93,3.87,3.7,3.35,109.51,111.57,114.18,118.11,15,33,8,0.01
3.87,3.7,3.35,2.93,111.57,114.18,118.11,122.96,16,33,8,0.03
3.7,3.35,2.93,2.54,114.18,118.11,122.96,127.06,17,33,8,0.045
3.35,2.93,2.54,2.17,118.11,122.96,127.06,121.85,6,33,8,0.06
2.93,2.54,2.17,2.24,122.96,127.06,121.85,113.7,5,33,8,0.07
2.54,2.17,2.24,2.28,127.06,121.85,113.7,106.24,4,33,8,0.06
2.17,2.24,2.28,2.32,121.85,113.7,106.24,99.91,3,33,8,0.105
2.24,2.28,2.32,2.34,113.7,106.24,99.91,95.69,2,33,8,0.09
2.28,2.32,2.34,2.31,106.24,99.91,95.69,94.76,1,33,8,0.17
2.32,2.34,2.31,2.25,99.91,95.69,94.76,97.99,0,33,8,0.13
2.34,2.31,2.25,2.24,95.69,94.76,97.99,103.96,1,33,8,0.11
2.31,2.25,2.24,2.36,94.76,97.99,103.96,109.69,2,33,8,0.13
2.25,2.24,2.36,2.64,97.99,103.96,109.69,112.63,3,33,8,0.055
2.24,2.36,2.64,2.97,103.96,109.69,112.63,113.53,4,33,8,0.05
2.36,2.64,2.97,3.27,109.69,112.63,113.53,113.79,5,33,8,0.04
2.64,2.97,3.27,3.48,112.63,113.53,113.79,124.57,6,33,8,0.02
2.97,3.27,3.48,3.93,113.53,113.79,124.57,120.36,7,33,8,0.03
3.27,3.48,3.93,3.96,113.79,124.57,120.36,117.35,8,33,8,0.0
3.48,3.93,3.96,3.69,124.57,120.36,117.35,115.38,9,33,8,0.0
